{
  "fio version" : "fio-3.16",
  "timestamp" : 1763309834,
  "timestamp_ms" : 1763309834570,
  "time" : "Sun Nov 16 16:17:14 2025",
  "global options" : {
    "directory" : "/mnt/test",
    "numjobs" : "32",
    "ioengine" : "psync",
    "iodepth" : "1",
    "direct" : "0",
    "group_reporting" : "1",
    "filename_format" : "fio_$jobnum"
  },
  "jobs" : [
    {
      "jobname" : "target-job",
      "groupid" : 0,
      "error" : 0,
      "eta" : 0,
      "elapsed" : 31,
      "job options" : {
        "bs" : "128K",
        "rw" : "read",
        "size" : "512M",
        "time_based" : "1",
        "runtime" : "30"
      },
      "read" : {
        "io_bytes" : 167843594240,
        "io_kbytes" : 163909760,
        "bw_bytes" : 5591431615,
        "bw" : 5460382,
        "iops" : 42659.237791,
        "runtime" : 30018,
        "total_ios" : 1280545,
        "short_ios" : 0,
        "drop_ios" : 0,
        "slat_ns" : {
          "min" : 0,
          "max" : 0,
          "mean" : 0.000000,
          "stddev" : 0.000000
        },
        "clat_ns" : {
          "min" : 12837,
          "max" : 30619781,
          "mean" : 681992.963859,
          "stddev" : 812372.301166,
          "percentile" : {
            "1.000000" : 25728,
            "5.000000" : 39680,
            "10.000000" : 57088,
            "20.000000" : 87552,
            "30.000000" : 118272,
            "40.000000" : 158720,
            "50.000000" : 259072,
            "60.000000" : 847872,
            "70.000000" : 1044480,
            "80.000000" : 1204224,
            "90.000000" : 1466368,
            "95.000000" : 1712128,
            "99.000000" : 3653632,
            "99.500000" : 4947968,
            "99.900000" : 8093696,
            "99.950000" : 9764864,
            "99.990000" : 13303808
          }
        },
        "lat_ns" : {
          "min" : 12928,
          "max" : 30619843,
          "mean" : 682177.811394,
          "stddev" : 812307.574882
        },
        "bw_min" : 1783060,
        "bw_max" : 9065916,
        "bw_agg" : 100.000000,
        "bw_mean" : 5474698.215546,
        "bw_dev" : 52355.472397,
        "bw_samples" : 1897,
        "iops_min" : 13927,
        "iops_max" : 70827,
        "iops_mean" : 42769.311485,
        "iops_stddev" : 409.010845,
        "iops_samples" : 1897
      },
      "write" : {
        "io_bytes" : 0,
        "io_kbytes" : 0,
        "bw_bytes" : 0,
        "bw" : 0,
        "iops" : 0.000000,
        "runtime" : 0,
        "total_ios" : 0,
        "short_ios" : 0,
        "drop_ios" : 0,
        "slat_ns" : {
          "min" : 0,
          "max" : 0,
          "mean" : 0.000000,
          "stddev" : 0.000000
        },
        "clat_ns" : {
          "min" : 0,
          "max" : 0,
          "mean" : 0.000000,
          "stddev" : 0.000000,
          "percentile" : {
            "1.000000" : 0,
            "5.000000" : 0,
            "10.000000" : 0,
            "20.000000" : 0,
            "30.000000" : 0,
            "40.000000" : 0,
            "50.000000" : 0,
            "60.000000" : 0,
            "70.000000" : 0,
            "80.000000" : 0,
            "90.000000" : 0,
            "95.000000" : 0,
            "99.000000" : 0,
            "99.500000" : 0,
            "99.900000" : 0,
            "99.950000" : 0,
            "99.990000" : 0
          }
        },
        "lat_ns" : {
          "min" : 0,
          "max" : 0,
          "mean" : 0.000000,
          "stddev" : 0.000000
        },
        "bw_min" : 0,
        "bw_max" : 0,
        "bw_agg" : 0.000000,
        "bw_mean" : 0.000000,
        "bw_dev" : 0.000000,
        "bw_samples" : 0,
        "iops_min" : 0,
        "iops_max" : 0,
        "iops_mean" : 0.000000,
        "iops_stddev" : 0.000000,
        "iops_samples" : 0
      },
      "trim" : {
        "io_bytes" : 0,
        "io_kbytes" : 0,
        "bw_bytes" : 0,
        "bw" : 0,
        "iops" : 0.000000,
        "runtime" : 0,
        "total_ios" : 0,
        "short_ios" : 0,
        "drop_ios" : 0,
        "slat_ns" : {
          "min" : 0,
          "max" : 0,
          "mean" : 0.000000,
          "stddev" : 0.000000
        },
        "clat_ns" : {
          "min" : 0,
          "max" : 0,
          "mean" : 0.000000,
          "stddev" : 0.000000,
          "percentile" : {
            "1.000000" : 0,
            "5.000000" : 0,
            "10.000000" : 0,
            "20.000000" : 0,
            "30.000000" : 0,
            "40.000000" : 0,
            "50.000000" : 0,
            "60.000000" : 0,
            "70.000000" : 0,
            "80.000000" : 0,
            "90.000000" : 0,
            "95.000000" : 0,
            "99.000000" : 0,
            "99.500000" : 0,
            "99.900000" : 0,
            "99.950000" : 0,
            "99.990000" : 0
          }
        },
        "lat_ns" : {
          "min" : 0,
          "max" : 0,
          "mean" : 0.000000,
          "stddev" : 0.000000
        },
        "bw_min" : 0,
        "bw_max" : 0,
        "bw_agg" : 0.000000,
        "bw_mean" : 0.000000,
        "bw_dev" : 0.000000,
        "bw_samples" : 0,
        "iops_min" : 0,
        "iops_max" : 0,
        "iops_mean" : 0.000000,
        "iops_stddev" : 0.000000,
        "iops_samples" : 0
      },
      "sync" : {
        "lat_ns" : {
          "min" : 0,
          "max" : 0,
          "mean" : 0.000000,
          "stddev" : 0.000000,
          "percentile" : {
            "1.000000" : 0,
            "5.000000" : 0,
            "10.000000" : 0,
            "20.000000" : 0,
            "30.000000" : 0,
            "40.000000" : 0,
            "50.000000" : 0,
            "60.000000" : 0,
            "70.000000" : 0,
            "80.000000" : 0,
            "90.000000" : 0,
            "95.000000" : 0,
            "99.000000" : 0,
            "99.500000" : 0,
            "99.900000" : 0,
            "99.950000" : 0,
            "99.990000" : 0
          }
        },
        "total_ios" : 0
      },
      "job_runtime" : 960017,
      "usr_cpu" : 0.468950,
      "sys_cpu" : 54.379975,
      "ctx" : 663351,
      "majf" : 0,
      "minf" : 7979,
      "iodepth_level" : {
        "1" : 100.000000,
        "2" : 0.000000,
        "4" : 0.000000,
        "8" : 0.000000,
        "16" : 0.000000,
        "32" : 0.000000,
        ">=64" : 0.000000
      },
      "iodepth_submit" : {
        "0" : 0.000000,
        "4" : 100.000000,
        "8" : 0.000000,
        "16" : 0.000000,
        "32" : 0.000000,
        "64" : 0.000000,
        ">=64" : 0.000000
      },
      "iodepth_complete" : {
        "0" : 0.000000,
        "4" : 100.000000,
        "8" : 0.000000,
        "16" : 0.000000,
        "32" : 0.000000,
        "64" : 0.000000,
        ">=64" : 0.000000
      },
      "latency_ns" : {
        "2" : 0.000000,
        "4" : 0.000000,
        "10" : 0.000000,
        "20" : 0.000000,
        "50" : 0.000000,
        "100" : 0.000000,
        "250" : 0.000000,
        "500" : 0.000000,
        "750" : 0.000000,
        "1000" : 0.000000
      },
      "latency_us" : {
        "2" : 0.000000,
        "4" : 0.000000,
        "10" : 0.000000,
        "20" : 0.273243,
        "50" : 7.604497,
        "100" : 16.226450,
        "250" : 25.585200,
        "500" : 1.773386,
        "750" : 4.688707,
        "1000" : 11.262314
      },
      "latency_ms" : {
        "2" : 29.640427,
        "4" : 2.110430,
        "10" : 0.790835,
        "20" : 0.043341,
        "50" : 0.010000,
        "100" : 0.000000,
        "250" : 0.000000,
        "500" : 0.000000,
        "750" : 0.000000,
        "1000" : 0.000000,
        "2000" : 0.000000,
        ">=2000" : 0.000000
      },
      "latency_depth" : 1,
      "latency_target" : 0,
      "latency_percentile" : 100.000000,
      "latency_window" : 0
    }
  ]
}
