{
  "fio version" : "fio-3.16",
  "timestamp" : 1763309553,
  "timestamp_ms" : 1763309553754,
  "time" : "Sun Nov 16 16:12:33 2025",
  "global options" : {
    "directory" : "/mnt/test",
    "numjobs" : "32",
    "ioengine" : "psync",
    "iodepth" : "1",
    "direct" : "0",
    "group_reporting" : "1",
    "filename_format" : "fio_$jobnum"
  },
  "jobs" : [
    {
      "jobname" : "target-job",
      "groupid" : 0,
      "error" : 0,
      "eta" : 0,
      "elapsed" : 31,
      "job options" : {
        "bs" : "128K",
        "rw" : "read",
        "size" : "512M",
        "time_based" : "1",
        "runtime" : "30"
      },
      "read" : {
        "io_bytes" : 141197705216,
        "io_kbytes" : 137888384,
        "bw_bytes" : 4697352048,
        "bw" : 4587257,
        "iops" : 35837.952028,
        "runtime" : 30059,
        "total_ios" : 1077253,
        "short_ios" : 0,
        "drop_ios" : 0,
        "slat_ns" : {
          "min" : 0,
          "max" : 0,
          "mean" : 0.000000,
          "stddev" : 0.000000
        },
        "clat_ns" : {
          "min" : 12810,
          "max" : 20812400,
          "mean" : 774247.464528,
          "stddev" : 911195.679436,
          "percentile" : {
            "1.000000" : 26240,
            "5.000000" : 48384,
            "10.000000" : 74240,
            "20.000000" : 126464,
            "30.000000" : 179200,
            "40.000000" : 248832,
            "50.000000" : 444416,
            "60.000000" : 716800,
            "70.000000" : 987136,
            "80.000000" : 1335296,
            "90.000000" : 1810432,
            "95.000000" : 2146304,
            "99.000000" : 4489216,
            "99.500000" : 5734400,
            "99.900000" : 7241728,
            "99.950000" : 7766016,
            "99.990000" : 8978432
          }
        },
        "lat_ns" : {
          "min" : 12876,
          "max" : 20813180,
          "mean" : 774628.974972,
          "stddev" : 911131.856191
        },
        "bw_min" : 668212,
        "bw_max" : 8241908,
        "bw_agg" : 100.000000,
        "bw_mean" : 4623321.043709,
        "bw_dev" : 53719.197618,
        "bw_samples" : 1893,
        "iops_min" : 5213,
        "iops_max" : 64387,
        "iops_mean" : 36118.094568,
        "iops_stddev" : 419.690795,
        "iops_samples" : 1893
      },
      "write" : {
        "io_bytes" : 0,
        "io_kbytes" : 0,
        "bw_bytes" : 0,
        "bw" : 0,
        "iops" : 0.000000,
        "runtime" : 0,
        "total_ios" : 0,
        "short_ios" : 0,
        "drop_ios" : 0,
        "slat_ns" : {
          "min" : 0,
          "max" : 0,
          "mean" : 0.000000,
          "stddev" : 0.000000
        },
        "clat_ns" : {
          "min" : 0,
          "max" : 0,
          "mean" : 0.000000,
          "stddev" : 0.000000,
          "percentile" : {
            "1.000000" : 0,
            "5.000000" : 0,
            "10.000000" : 0,
            "20.000000" : 0,
            "30.000000" : 0,
            "40.000000" : 0,
            "50.000000" : 0,
            "60.000000" : 0,
            "70.000000" : 0,
            "80.000000" : 0,
            "90.000000" : 0,
            "95.000000" : 0,
            "99.000000" : 0,
            "99.500000" : 0,
            "99.900000" : 0,
            "99.950000" : 0,
            "99.990000" : 0
          }
        },
        "lat_ns" : {
          "min" : 0,
          "max" : 0,
          "mean" : 0.000000,
          "stddev" : 0.000000
        },
        "bw_min" : 0,
        "bw_max" : 0,
        "bw_agg" : 0.000000,
        "bw_mean" : 0.000000,
        "bw_dev" : 0.000000,
        "bw_samples" : 0,
        "iops_min" : 0,
        "iops_max" : 0,
        "iops_mean" : 0.000000,
        "iops_stddev" : 0.000000,
        "iops_samples" : 0
      },
      "trim" : {
        "io_bytes" : 0,
        "io_kbytes" : 0,
        "bw_bytes" : 0,
        "bw" : 0,
        "iops" : 0.000000,
        "runtime" : 0,
        "total_ios" : 0,
        "short_ios" : 0,
        "drop_ios" : 0,
        "slat_ns" : {
          "min" : 0,
          "max" : 0,
          "mean" : 0.000000,
          "stddev" : 0.000000
        },
        "clat_ns" : {
          "min" : 0,
          "max" : 0,
          "mean" : 0.000000,
          "stddev" : 0.000000,
          "percentile" : {
            "1.000000" : 0,
            "5.000000" : 0,
            "10.000000" : 0,
            "20.000000" : 0,
            "30.000000" : 0,
            "40.000000" : 0,
            "50.000000" : 0,
            "60.000000" : 0,
            "70.000000" : 0,
            "80.000000" : 0,
            "90.000000" : 0,
            "95.000000" : 0,
            "99.000000" : 0,
            "99.500000" : 0,
            "99.900000" : 0,
            "99.950000" : 0,
            "99.990000" : 0
          }
        },
        "lat_ns" : {
          "min" : 0,
          "max" : 0,
          "mean" : 0.000000,
          "stddev" : 0.000000
        },
        "bw_min" : 0,
        "bw_max" : 0,
        "bw_agg" : 0.000000,
        "bw_mean" : 0.000000,
        "bw_dev" : 0.000000,
        "bw_samples" : 0,
        "iops_min" : 0,
        "iops_max" : 0,
        "iops_mean" : 0.000000,
        "iops_stddev" : 0.000000,
        "iops_samples" : 0
      },
      "sync" : {
        "lat_ns" : {
          "min" : 0,
          "max" : 0,
          "mean" : 0.000000,
          "stddev" : 0.000000,
          "percentile" : {
            "1.000000" : 0,
            "5.000000" : 0,
            "10.000000" : 0,
            "20.000000" : 0,
            "30.000000" : 0,
            "40.000000" : 0,
            "50.000000" : 0,
            "60.000000" : 0,
            "70.000000" : 0,
            "80.000000" : 0,
            "90.000000" : 0,
            "95.000000" : 0,
            "99.000000" : 0,
            "99.500000" : 0,
            "99.900000" : 0,
            "99.950000" : 0,
            "99.990000" : 0
          }
        },
        "total_ios" : 0
      },
      "job_runtime" : 960252,
      "usr_cpu" : 0.713875,
      "sys_cpu" : 53.776196,
      "ctx" : 545637,
      "majf" : 0,
      "minf" : 6580,
      "iodepth_level" : {
        "1" : 100.000000,
        "2" : 0.000000,
        "4" : 0.000000,
        "8" : 0.000000,
        "16" : 0.000000,
        "32" : 0.000000,
        ">=64" : 0.000000
      },
      "iodepth_submit" : {
        "0" : 0.000000,
        "4" : 100.000000,
        "8" : 0.000000,
        "16" : 0.000000,
        "32" : 0.000000,
        "64" : 0.000000,
        ">=64" : 0.000000
      },
      "iodepth_complete" : {
        "0" : 0.000000,
        "4" : 100.000000,
        "8" : 0.000000,
        "16" : 0.000000,
        "32" : 0.000000,
        "64" : 0.000000,
        ">=64" : 0.000000
      },
      "latency_ns" : {
        "2" : 0.000000,
        "4" : 0.000000,
        "10" : 0.000000,
        "20" : 0.000000,
        "50" : 0.000000,
        "100" : 0.000000,
        "250" : 0.000000,
        "500" : 0.000000,
        "750" : 0.000000,
        "1000" : 0.000000
      },
      "latency_us" : {
        "2" : 0.000000,
        "4" : 0.000000,
        "10" : 0.000000,
        "20" : 0.323787,
        "50" : 4.972555,
        "100" : 9.551331,
        "250" : 25.392178,
        "500" : 11.163766,
        "750" : 9.724085,
        "1000" : 9.250566
      },
      "latency_ms" : {
        "2" : 22.945028,
        "4" : 5.421011,
        "10" : 1.251795,
        "20" : 0.010000,
        "50" : 0.010000,
        "100" : 0.000000,
        "250" : 0.000000,
        "500" : 0.000000,
        "750" : 0.000000,
        "1000" : 0.000000,
        "2000" : 0.000000,
        ">=2000" : 0.000000
      },
      "latency_depth" : 1,
      "latency_target" : 0,
      "latency_percentile" : 100.000000,
      "latency_window" : 0
    }
  ]
}
