{
  "fio version" : "fio-3.16",
  "timestamp" : 1759735015,
  "timestamp_ms" : 1759735015701,
  "time" : "Mon Oct  6 16:16:55 2025",
  "global options" : {
    "bs" : "4k",
    "numjobs" : "2",
    "size" : "4G",
    "ioengine" : "psync",
    "direct" : "0",
    "iodepth" : "1",
    "group_reporting" : "1",
    "end_fsync" : "1",
    "directory" : "/mnt/test/"
  },
  "jobs" : [
    {
      "jobname" : "randread",
      "groupid" : 0,
      "error" : 0,
      "eta" : 0,
      "elapsed" : 56,
      "job options" : {
        "rw" : "randread"
      },
      "read" : {
        "io_bytes" : 8589934592,
        "io_kbytes" : 8388608,
        "bw_bytes" : 154051911,
        "bw" : 150441,
        "iops" : 37610.329986,
        "runtime" : 55760,
        "total_ios" : 2097152,
        "short_ios" : 0,
        "drop_ios" : 0,
        "slat_ns" : {
          "min" : 0,
          "max" : 0,
          "mean" : 0.000000,
          "stddev" : 0.000000
        },
        "clat_ns" : {
          "min" : 234,
          "max" : 12260447,
          "mean" : 51319.656394,
          "stddev" : 69550.030763,
          "percentile" : {
            "1.000000" : 604,
            "5.000000" : 708,
            "10.000000" : 788,
            "20.000000" : 988,
            "30.000000" : 1304,
            "40.000000" : 10560,
            "50.000000" : 68096,
            "60.000000" : 78336,
            "70.000000" : 83456,
            "80.000000" : 88576,
            "90.000000" : 96768,
            "95.000000" : 110080,
            "99.000000" : 156672,
            "99.500000" : 168960,
            "99.900000" : 236544,
            "99.950000" : 317440,
            "99.990000" : 2056192
          }
        },
        "lat_ns" : {
          "min" : 248,
          "max" : 12260522,
          "mean" : 51348.580229,
          "stddev" : 69551.495386
        },
        "bw_min" : 83576,
        "bw_max" : 334032,
        "bw_agg" : 100.000000,
        "bw_mean" : 152461.527547,
        "bw_dev" : 29410.208726,
        "bw_samples" : 215,
        "iops_min" : 20894,
        "iops_max" : 83506,
        "iops_mean" : 38115.324671,
        "iops_stddev" : 7352.522916,
        "iops_samples" : 215
      },
      "write" : {
        "io_bytes" : 0,
        "io_kbytes" : 0,
        "bw_bytes" : 0,
        "bw" : 0,
        "iops" : 0.000000,
        "runtime" : 0,
        "total_ios" : 0,
        "short_ios" : 0,
        "drop_ios" : 0,
        "slat_ns" : {
          "min" : 0,
          "max" : 0,
          "mean" : 0.000000,
          "stddev" : 0.000000
        },
        "clat_ns" : {
          "min" : 0,
          "max" : 0,
          "mean" : 0.000000,
          "stddev" : 0.000000,
          "percentile" : {
            "1.000000" : 0,
            "5.000000" : 0,
            "10.000000" : 0,
            "20.000000" : 0,
            "30.000000" : 0,
            "40.000000" : 0,
            "50.000000" : 0,
            "60.000000" : 0,
            "70.000000" : 0,
            "80.000000" : 0,
            "90.000000" : 0,
            "95.000000" : 0,
            "99.000000" : 0,
            "99.500000" : 0,
            "99.900000" : 0,
            "99.950000" : 0,
            "99.990000" : 0
          }
        },
        "lat_ns" : {
          "min" : 0,
          "max" : 0,
          "mean" : 0.000000,
          "stddev" : 0.000000
        },
        "bw_min" : 0,
        "bw_max" : 0,
        "bw_agg" : 0.000000,
        "bw_mean" : 0.000000,
        "bw_dev" : 0.000000,
        "bw_samples" : 0,
        "iops_min" : 0,
        "iops_max" : 0,
        "iops_mean" : 0.000000,
        "iops_stddev" : 0.000000,
        "iops_samples" : 0
      },
      "trim" : {
        "io_bytes" : 0,
        "io_kbytes" : 0,
        "bw_bytes" : 0,
        "bw" : 0,
        "iops" : 0.000000,
        "runtime" : 0,
        "total_ios" : 0,
        "short_ios" : 0,
        "drop_ios" : 0,
        "slat_ns" : {
          "min" : 0,
          "max" : 0,
          "mean" : 0.000000,
          "stddev" : 0.000000
        },
        "clat_ns" : {
          "min" : 0,
          "max" : 0,
          "mean" : 0.000000,
          "stddev" : 0.000000,
          "percentile" : {
            "1.000000" : 0,
            "5.000000" : 0,
            "10.000000" : 0,
            "20.000000" : 0,
            "30.000000" : 0,
            "40.000000" : 0,
            "50.000000" : 0,
            "60.000000" : 0,
            "70.000000" : 0,
            "80.000000" : 0,
            "90.000000" : 0,
            "95.000000" : 0,
            "99.000000" : 0,
            "99.500000" : 0,
            "99.900000" : 0,
            "99.950000" : 0,
            "99.990000" : 0
          }
        },
        "lat_ns" : {
          "min" : 0,
          "max" : 0,
          "mean" : 0.000000,
          "stddev" : 0.000000
        },
        "bw_min" : 0,
        "bw_max" : 0,
        "bw_agg" : 0.000000,
        "bw_mean" : 0.000000,
        "bw_dev" : 0.000000,
        "bw_samples" : 0,
        "iops_min" : 0,
        "iops_max" : 0,
        "iops_mean" : 0.000000,
        "iops_stddev" : 0.000000,
        "iops_samples" : 0
      },
      "sync" : {
        "lat_ns" : {
          "min" : 0,
          "max" : 0,
          "mean" : 0.000000,
          "stddev" : 0.000000,
          "percentile" : {
            "1.000000" : 0,
            "5.000000" : 0,
            "10.000000" : 0,
            "20.000000" : 0,
            "30.000000" : 0,
            "40.000000" : 0,
            "50.000000" : 0,
            "60.000000" : 0,
            "70.000000" : 0,
            "80.000000" : 0,
            "90.000000" : 0,
            "95.000000" : 0,
            "99.000000" : 0,
            "99.500000" : 0,
            "99.900000" : 0,
            "99.950000" : 0,
            "99.990000" : 0
          }
        },
        "total_ios" : 0
      },
      "job_runtime" : 108107,
      "usr_cpu" : 1.133137,
      "sys_cpu" : 7.655378,
      "ctx" : 1348157,
      "majf" : 0,
      "minf" : 19,
      "iodepth_level" : {
        "1" : 100.000000,
        "2" : 0.000000,
        "4" : 0.000000,
        "8" : 0.000000,
        "16" : 0.000000,
        "32" : 0.000000,
        ">=64" : 0.000000
      },
      "iodepth_submit" : {
        "0" : 0.000000,
        "4" : 100.000000,
        "8" : 0.000000,
        "16" : 0.000000,
        "32" : 0.000000,
        "64" : 0.000000,
        ">=64" : 0.000000
      },
      "iodepth_complete" : {
        "0" : 0.000000,
        "4" : 100.000000,
        "8" : 0.000000,
        "16" : 0.000000,
        "32" : 0.000000,
        "64" : 0.000000,
        ">=64" : 0.000000
      },
      "latency_ns" : {
        "2" : 0.000000,
        "4" : 0.000000,
        "10" : 0.000000,
        "20" : 0.000000,
        "50" : 0.000000,
        "100" : 0.000000,
        "250" : 0.010000,
        "500" : 0.021744,
        "750" : 7.546377,
        "1000" : 13.078022
      },
      "latency_us" : {
        "2" : 14.123583,
        "4" : 1.840115,
        "10" : 2.983522,
        "20" : 3.246546,
        "50" : 1.232243,
        "100" : 48.211241,
        "250" : 7.637024,
        "500" : 0.040960,
        "750" : 0.010000,
        "1000" : 0.010000
      },
      "latency_ms" : {
        "2" : 0.011539,
        "4" : 0.010000,
        "10" : 0.010000,
        "20" : 0.010000,
        "50" : 0.000000,
        "100" : 0.000000,
        "250" : 0.000000,
        "500" : 0.000000,
        "750" : 0.000000,
        "1000" : 0.000000,
        "2000" : 0.000000,
        ">=2000" : 0.000000
      },
      "latency_depth" : 1,
      "latency_target" : 0,
      "latency_percentile" : 100.000000,
      "latency_window" : 0
    }
  ]
}
