{
  "fio version" : "fio-3.16",
  "timestamp" : 1759925113,
  "timestamp_ms" : 1759925113585,
  "time" : "Wed Oct  8 21:05:13 2025",
  "global options" : {
    "bs" : "128k",
    "numjobs" : "1",
    "time_based" : "1",
    "runtime" : "30s",
    "randrepeat" : "1",
    "random_generator" : "lfsr",
    "randseed" : "1",
    "refill_buffers" : "1",
    "norandommap" : "1",
    "group_reporting" : "1",
    "lat_percentiles" : "1",
    "ioengine" : "psync",
    "direct" : "0",
    "iodepth" : "1",
    "group_reporting" : "1",
    "end_fsync" : "1",
    "directory" : "/mnt/test/"
  },
  "jobs" : [
    {
      "jobname" : "write",
      "groupid" : 0,
      "error" : 0,
      "eta" : 0,
      "elapsed" : 31,
      "job options" : {
        "rw" : "write"
      },
      "read" : {
        "io_bytes" : 0,
        "io_kbytes" : 0,
        "bw_bytes" : 0,
        "bw" : 0,
        "iops" : 0.000000,
        "runtime" : 0,
        "total_ios" : 0,
        "short_ios" : 0,
        "drop_ios" : 0,
        "slat_ns" : {
          "min" : 0,
          "max" : 0,
          "mean" : 0.000000,
          "stddev" : 0.000000
        },
        "clat_ns" : {
          "min" : 0,
          "max" : 0,
          "mean" : 0.000000,
          "stddev" : 0.000000
        },
        "lat_ns" : {
          "min" : 0,
          "max" : 0,
          "mean" : 0.000000,
          "stddev" : 0.000000,
          "percentile" : {
            "1.000000" : 0,
            "5.000000" : 0,
            "10.000000" : 0,
            "20.000000" : 0,
            "30.000000" : 0,
            "40.000000" : 0,
            "50.000000" : 0,
            "60.000000" : 0,
            "70.000000" : 0,
            "80.000000" : 0,
            "90.000000" : 0,
            "95.000000" : 0,
            "99.000000" : 0,
            "99.500000" : 0,
            "99.900000" : 0,
            "99.950000" : 0,
            "99.990000" : 0
          },
          "bins" : {

          }
        },
        "bw_min" : 0,
        "bw_max" : 0,
        "bw_agg" : 0.000000,
        "bw_mean" : 0.000000,
        "bw_dev" : 0.000000,
        "bw_samples" : 0,
        "iops_min" : 0,
        "iops_max" : 0,
        "iops_mean" : 0.000000,
        "iops_stddev" : 0.000000,
        "iops_samples" : 0
      },
      "write" : {
        "io_bytes" : 58054017024,
        "io_kbytes" : 56693376,
        "bw_bytes" : 1908039736,
        "bw" : 1863320,
        "iops" : 14557.187931,
        "runtime" : 30426,
        "total_ios" : 442917,
        "short_ios" : 0,
        "drop_ios" : 0,
        "slat_ns" : {
          "min" : 0,
          "max" : 0,
          "mean" : 0.000000,
          "stddev" : 0.000000
        },
        "clat_ns" : {
          "min" : 33567,
          "max" : 8611875,
          "mean" : 44486.521118,
          "stddev" : 26918.308071
        },
        "lat_ns" : {
          "min" : 33584,
          "max" : 8613204,
          "mean" : 44507.653028,
          "stddev" : 26923.340892,
          "percentile" : {
            "1.000000" : 36096,
            "5.000000" : 37632,
            "10.000000" : 38144,
            "20.000000" : 38656,
            "30.000000" : 39168,
            "40.000000" : 40192,
            "50.000000" : 41216,
            "60.000000" : 45824,
            "70.000000" : 46848,
            "80.000000" : 47872,
            "90.000000" : 49408,
            "95.000000" : 50944,
            "99.000000" : 81408,
            "99.500000" : 103936,
            "99.900000" : 358400,
            "99.950000" : 366592,
            "99.990000" : 399360
          },
          "bins" : {
            "33536" : 4,
            "34048" : 61,
            "34560" : 284,
            "35072" : 829,
            "35584" : 1521,
            "36096" : 2783,
            "36608" : 5347,
            "37120" : 10957,
            "37632" : 19021,
            "38144" : 27751,
            "38656" : 34785,
            "39168" : 36410,
            "39680" : 32907,
            "40192" : 26475,
            "40704" : 19205,
            "41216" : 12613,
            "41728" : 7810,
            "42240" : 4840,
            "42752" : 3002,
            "43264" : 2072,
            "43776" : 1704,
            "44288" : 2064,
            "44800" : 3666,
            "45312" : 6942,
            "45824" : 11747,
            "46336" : 16844,
            "46848" : 20872,
            "47360" : 23382,
            "47872" : 22855,
            "48384" : 19941,
            "48896" : 16243,
            "49408" : 11780,
            "49920" : 7957,
            "50432" : 5221,
            "50944" : 3388,
            "51456" : 2334,
            "51968" : 1676,
            "52480" : 1190,
            "52992" : 914,
            "53504" : 767,
            "54016" : 588,
            "54528" : 499,
            "55040" : 398,
            "55552" : 382,
            "56064" : 317,
            "56576" : 307,
            "57088" : 243,
            "57600" : 248,
            "58112" : 227,
            "58624" : 243,
            "59136" : 215,
            "59648" : 230,
            "60160" : 188,
            "60672" : 200,
            "61184" : 184,
            "61696" : 178,
            "62208" : 179,
            "62720" : 171,
            "63232" : 185,
            "63744" : 195,
            "64256" : 186,
            "64768" : 234,
            "65280" : 245,
            "66048" : 519,
            "67072" : 434,
            "68096" : 336,
            "69120" : 197,
            "70144" : 116,
            "71168" : 79,
            "72192" : 55,
            "73216" : 42,
            "74240" : 43,
            "75264" : 43,
            "76288" : 49,
            "77312" : 60,
            "78336" : 79,
            "79360" : 91,
            "80384" : 102,
            "81408" : 127,
            "82432" : 155,
            "83456" : 164,
            "84480" : 157,
            "85504" : 166,
            "86528" : 170,
            "87552" : 141,
            "88576" : 133,
            "89600" : 128,
            "90624" : 116,
            "91648" : 118,
            "92672" : 90,
            "93696" : 86,
            "94720" : 95,
            "95744" : 64,
            "96768" : 77,
            "97792" : 38,
            "98816" : 62,
            "99840" : 37,
            "100864" : 44,
            "101888" : 50,
            "102912" : 32,
            "103936" : 42,
            "104960" : 48,
            "105984" : 64,
            "107008" : 46,
            "108032" : 31,
            "109056" : 37,
            "110080" : 40,
            "111104" : 41,
            "112128" : 28,
            "113152" : 28,
            "114176" : 13,
            "115200" : 26,
            "116224" : 19,
            "117248" : 10,
            "118272" : 13,
            "119296" : 11,
            "120320" : 13,
            "121344" : 9,
            "122368" : 11,
            "123392" : 11,
            "124416" : 9,
            "125440" : 6,
            "126464" : 4,
            "127488" : 8,
            "128512" : 6,
            "129536" : 4,
            "130560" : 7,
            "132096" : 16,
            "134144" : 8,
            "136192" : 6,
            "138240" : 14,
            "140288" : 12,
            "142336" : 10,
            "144384" : 6,
            "146432" : 5,
            "148480" : 6,
            "150528" : 9,
            "152576" : 11,
            "154624" : 1,
            "156672" : 5,
            "158720" : 5,
            "160768" : 12,
            "162816" : 9,
            "164864" : 5,
            "166912" : 3,
            "168960" : 2,
            "171008" : 4,
            "173056" : 12,
            "175104" : 8,
            "177152" : 4,
            "179200" : 4,
            "181248" : 3,
            "183296" : 2,
            "185344" : 6,
            "187392" : 7,
            "189440" : 11,
            "191488" : 10,
            "193536" : 2,
            "195584" : 3,
            "197632" : 1,
            "201728" : 3,
            "203776" : 10,