{
  "fio version" : "fio-3.16",
  "timestamp" : 1759924933,
  "timestamp_ms" : 1759924933674,
  "time" : "Wed Oct  8 21:02:13 2025",
  "global options" : {
    "bs" : "4k",
    "numjobs" : "2",
    "time_based" : "1",
    "runtime" : "30s",
    "randrepeat" : "1",
    "random_generator" : "lfsr",
    "randseed" : "1",
    "refill_buffers" : "1",
    "norandommap" : "1",
    "group_reporting" : "1",
    "lat_percentiles" : "1",
    "ioengine" : "psync",
    "direct" : "0",
    "iodepth" : "1",
    "group_reporting" : "1",
    "end_fsync" : "1",
    "directory" : "/mnt/test/"
  },
  "jobs" : [
    {
      "jobname" : "write",
      "groupid" : 0,
      "error" : 0,
      "eta" : 0,
      "elapsed" : 31,
      "job options" : {
        "rw" : "write"
      },
      "read" : {
        "io_bytes" : 0,
        "io_kbytes" : 0,
        "bw_bytes" : 0,
        "bw" : 0,
        "iops" : 0.000000,
        "runtime" : 0,
        "total_ios" : 0,
        "short_ios" : 0,
        "drop_ios" : 0,
        "slat_ns" : {
          "min" : 0,
          "max" : 0,
          "mean" : 0.000000,
          "stddev" : 0.000000
        },
        "clat_ns" : {
          "min" : 0,
          "max" : 0,
          "mean" : 0.000000,
          "stddev" : 0.000000
        },
        "lat_ns" : {
          "min" : 0,
          "max" : 0,
          "mean" : 0.000000,
          "stddev" : 0.000000,
          "percentile" : {
            "1.000000" : 0,
            "5.000000" : 0,
            "10.000000" : 0,
            "20.000000" : 0,
            "30.000000" : 0,
            "40.000000" : 0,
            "50.000000" : 0,
            "60.000000" : 0,
            "70.000000" : 0,
            "80.000000" : 0,
            "90.000000" : 0,
            "95.000000" : 0,
            "99.000000" : 0,
            "99.500000" : 0,
            "99.900000" : 0,
            "99.950000" : 0,
            "99.990000" : 0
          },
          "bins" : {

          }
        },
        "bw_min" : 0,
        "bw_max" : 0,
        "bw_agg" : 0.000000,
        "bw_mean" : 0.000000,
        "bw_dev" : 0.000000,
        "bw_samples" : 0,
        "iops_min" : 0,
        "iops_max" : 0,
        "iops_mean" : 0.000000,
        "iops_stddev" : 0.000000,
        "iops_samples" : 0
      },
      "write" : {
        "io_bytes" : 28038934528,
        "io_kbytes" : 27381772,
        "bw_bytes" : 909469170,
        "bw" : 888153,
        "iops" : 222038.371716,
        "runtime" : 30830,
        "total_ios" : 6845443,
        "short_ios" : 0,
        "drop_ios" : 0,
        "slat_ns" : {
          "min" : 0,
          "max" : 0,
          "mean" : 0.000000,
          "stddev" : 0.000000
        },
        "clat_ns" : {
          "min" : 4559,
          "max" : 8361933,
          "mean" : 7496.582212,
          "stddev" : 6436.284173
        },
        "lat_ns" : {
          "min" : 4569,
          "max" : 8363047,
          "mean" : 7532.592854,
          "stddev" : 6437.111246,
          "percentile" : {
            "1.000000" : 6176,
            "5.000000" : 6624,
            "10.000000" : 6752,
            "20.000000" : 7008,
            "30.000000" : 7200,
            "40.000000" : 7328,
            "50.000000" : 7456,
            "60.000000" : 7584,
            "70.000000" : 7776,
            "80.000000" : 7968,
            "90.000000" : 8256,
            "95.000000" : 8640,
            "99.000000" : 9408,
            "99.500000" : 9792,
            "99.900000" : 12096,
            "99.950000" : 17536,
            "99.990000" : 39168
          },
          "bins" : {
            "4576" : 5,
            "4640" : 29,
            "4704" : 109,
            "4768" : 242,
            "4832" : 393,
            "4896" : 619,
            "4960" : 774,
            "5024" : 945,
            "5088" : 996,
            "5152" : 921,
            "5216" : 845,
            "5280" : 742,
            "5344" : 578,
            "5408" : 475,
            "5472" : 490,
            "5536" : 536,
            "5600" : 744,
            "5664" : 1081,
            "5728" : 1752,
            "5792" : 2905,
            "5856" : 4425,
            "5920" : 6391,
            "5984" : 8443,
            "6048" : 11013,
            "6112" : 13686,
            "6176" : 17161,
            "6240" : 21271,
            "6304" : 25809,
            "6368" : 30571,
            "6432" : 37914,
            "6496" : 49721,
            "6560" : 68197,
            "6624" : 93947,
            "6688" : 125530,
            "6752" : 157128,
            "6816" : 181295,
            "6880" : 196880,
            "6944" : 208695,
            "7008" : 221861,
            "7072" : 236287,
            "7136" : 251662,
            "7200" : 268635,
            "7264" : 287334,
            "7328" : 308240,
            "7392" : 325179,
            "7456" : 336728,
            "7520" : 336776,
            "7584" : 327081,
            "7648" : 308011,
            "7712" : 280088,
            "7776" : 250034,
            "7840" : 222086,
            "7904" : 195390,
            "7968" : 171418,
            "8032" : 151223,
            "8096" : 133848,
            "8160" : 119233,
            "8256" : 201269,
            "8384" : 155974,
            "8512" : 117901,
            "8640" : 87994,
            "8768" : 66275,
            "8896" : 51412,
            "9024" : 39465,
            "9152" : 29390,
            "9280" : 21137,
            "9408" : 15288,
            "9536" : 10689,
            "9664" : 7684,
            "9792" : 5791,
            "9920" : 4486,
            "10048" : 3707,
            "10176" : 2801,
            "10304" : 2327,
            "10432" : 1915,
            "10560" : 1594,
            "10688" : 1320,
            "10816" : 1073,
            "10944" : 796,
            "11072" : 710,
            "11200" : 601,
            "11328" : 503,
            "11456" : 414,
            "11584" : 397,
            "11712" : 371,
            "11840" : 352,
            "11968" : 321,
            "12096" : 330,
            "12224" : 285,
            "12352" : 248,
            "12480" : 237,
            "12608" : 210,
            "12736" : 175,
            "12864" : 149,
            "12992" : 150,
            "13120" : 125,
            "13248" : 104,
            "13376" : 105,
            "13504" : 90,
            "13632" : 60,
            "13760" : 84,
            "13888" : 70,
            "14016" : 66,
            "14144" : 58,
            "14272" : 52,
            "14400" : 52,
            "14528" : 67,
            "14656" : 58,
            "14784" : 57,
            "14912" : 65,
            "15040" : 89,
            "15168" : 61,
            "15296" : 62,
            "15424" : 58,
            "15552" : 48,
            "15680" : 46,
            "15808" : 35,
            "15936" : 46,
            "16064" : 38,
            "16192" : 41,
            "16320" : 33,
            "16512" : 51,
            "16768" : 47,
            "17024" : 48,
            "17280" : 63,
            "17536" : 41,
            "17792" : 42,
            "18048" : 44,
            "18304" : 66,
            "18560" : 53,
            "18816" : 54,
            "19072" : 51,
            "19328" : 40,
            "19584" : 40,
            "19840" : 34,
            "20096" : 33,
            "20352" : 26,
            "20608" : 36,
            "20864" : 20,
            "21120" : 27,
            "21376" : 31,
            "21632" : 34,
            "21888" : 33,
            "22144" : 31,
            "22400" : 22,
            "22656" : 30,
            "22912" : 45,
            "23168" : 26,
            "23424" : 30,
            "23680" : 30,
            "23936" : 16,
            "24192" : 26,
            "24448" : 29,
            "24704" : 27,
            "24960" : 25,
            "25216" : 21,
            "25472" : 28,
            "25728" : 27,
            "25984" : 27,
            "26240" : 21,
            "26496" : 19,
            "26752" : 19,
            "27008" : 20,
            "27264" : 17,