{
  "fio version" : "fio-3.16",
  "timestamp" : 1759924968,
  "timestamp_ms" : 1759924968036,
  "time" : "Wed Oct  8 21:02:48 2025",
  "global options" : {
    "bs" : "4k",
    "numjobs" : "4",
    "time_based" : "1",
    "runtime" : "30s",
    "randrepeat" : "1",
    "random_generator" : "lfsr",
    "randseed" : "1",
    "refill_buffers" : "1",
    "norandommap" : "1",
    "group_reporting" : "1",
    "lat_percentiles" : "1",
    "ioengine" : "psync",
    "direct" : "0",
    "iodepth" : "1",
    "group_reporting" : "1",
    "end_fsync" : "1",
    "directory" : "/mnt/test/"
  },
  "jobs" : [
    {
      "jobname" : "write",
      "groupid" : 0,
      "error" : 0,
      "eta" : 0,
      "elapsed" : 31,
      "job options" : {
        "rw" : "write"
      },
      "read" : {
        "io_bytes" : 0,
        "io_kbytes" : 0,
        "bw_bytes" : 0,
        "bw" : 0,
        "iops" : 0.000000,
        "runtime" : 0,
        "total_ios" : 0,
        "short_ios" : 0,
        "drop_ios" : 0,
        "slat_ns" : {
          "min" : 0,
          "max" : 0,
          "mean" : 0.000000,
          "stddev" : 0.000000
        },
        "clat_ns" : {
          "min" : 0,
          "max" : 0,
          "mean" : 0.000000,
          "stddev" : 0.000000
        },
        "lat_ns" : {
          "min" : 0,
          "max" : 0,
          "mean" : 0.000000,
          "stddev" : 0.000000,
          "percentile" : {
            "1.000000" : 0,
            "5.000000" : 0,
            "10.000000" : 0,
            "20.000000" : 0,
            "30.000000" : 0,
            "40.000000" : 0,
            "50.000000" : 0,
            "60.000000" : 0,
            "70.000000" : 0,
            "80.000000" : 0,
            "90.000000" : 0,
            "95.000000" : 0,
            "99.000000" : 0,
            "99.500000" : 0,
            "99.900000" : 0,
            "99.950000" : 0,
            "99.990000" : 0
          },
          "bins" : {

          }
        },
        "bw_min" : 0,
        "bw_max" : 0,
        "bw_agg" : 0.000000,
        "bw_mean" : 0.000000,
        "bw_dev" : 0.000000,
        "bw_samples" : 0,
        "iops_min" : 0,
        "iops_max" : 0,
        "iops_mean" : 0.000000,
        "iops_stddev" : 0.000000,
        "iops_samples" : 0
      },
      "write" : {
        "io_bytes" : 54007816192,
        "io_kbytes" : 52742008,
        "bw_bytes" : 1759613468,
        "bw" : 1718372,
        "iops" : 429593.131984,
        "runtime" : 30693,
        "total_ios" : 13185502,
        "short_ios" : 0,
        "drop_ios" : 0,
        "slat_ns" : {
          "min" : 0,
          "max" : 0,
          "mean" : 0.000000,
          "stddev" : 0.000000
        },
        "clat_ns" : {
          "min" : 3817,
          "max" : 44067808,
          "mean" : 8034.183360,
          "stddev" : 31075.974545
        },
        "lat_ns" : {
          "min" : 3825,
          "max" : 44067846,
          "mean" : 8065.749978,
          "stddev" : 31076.690476,
          "percentile" : {
            "1.000000" : 4896,
            "5.000000" : 5408,
            "10.000000" : 5792,
            "20.000000" : 6304,
            "30.000000" : 6880,
            "40.000000" : 7392,
            "50.000000" : 7904,
            "60.000000" : 8384,
            "70.000000" : 9024,
            "80.000000" : 9664,
            "90.000000" : 10432,
            "95.000000" : 10944,
            "99.000000" : 11840,
            "99.500000" : 12224,
            "99.900000" : 16320,
            "99.950000" : 26752,
            "99.990000" : 60672
          },
          "bins" : {
            "3824" : 1,
            "4128" : 1,
            "4192" : 8,
            "4256" : 23,
            "4320" : 85,
            "4384" : 289,
            "4448" : 969,
            "4512" : 2868,
            "4576" : 6386,
            "4640" : 11877,
            "4704" : 20067,
            "4768" : 28979,
            "4832" : 37969,
            "4896" : 45827,
            "4960" : 52202,
            "5024" : 57817,
            "5088" : 63515,
            "5152" : 68540,
            "5216" : 74592,
            "5280" : 81564,
            "5344" : 87753,
            "5408" : 94829,
            "5472" : 101129,
            "5536" : 108181,
            "5600" : 115541,
            "5664" : 124027,
            "5728" : 131097,
            "5792" : 137852,
            "5856" : 142802,
            "5920" : 146896,
            "5984" : 148102,
            "6048" : 148357,
            "6112" : 148895,
            "6176" : 148293,
            "6240" : 149289,
            "6304" : 150808,
            "6368" : 152410,
            "6432" : 153941,
            "6496" : 154299,
            "6560" : 155915,
            "6624" : 155606,
            "6688" : 155470,
            "6752" : 155321,
            "6816" : 155339,
            "6880" : 155498,
            "6944" : 154990,
            "7008" : 156181,
            "7072" : 156753,
            "7136" : 157291,
            "7200" : 157278,
            "7264" : 158600,
            "7328" : 160870,
            "7392" : 163153,
            "7456" : 166025,
            "7520" : 168496,
            "7584" : 170475,
            "7648" : 173020,
            "7712" : 173364,
            "7776" : 172503,
            "7840" : 171536,
            "7904" : 169222,
            "7968" : 166499,
            "8032" : 164103,
            "8096" : 160850,
            "8160" : 158122,
            "8256" : 309426,
            "8384" : 303799,
            "8512" : 298751,
            "8640" : 294058,
            "8768" : 289803,
            "8896" : 283886,
            "9024" : 277817,
            "9152" : 272060,
            "9280" : 266965,
            "9408" : 261208,
            "9536" : 257009,
            "9664" : 252414,
            "9792" : 247878,
            "9920" : 241543,
            "10048" : 232543,
            "10176" : 220261,
            "10304" : 205881,
            "10432" : 190126,
            "10560" : 173817,
            "10688" : 157970,
            "10816" : 142319,
            "10944" : 126135,
            "11072" : 110230,
            "11200" : 94345,
            "11328" : 78909,
            "11456" : 63597,
            "11584" : 50307,
            "11712" : 39196,
            "11840" : 28564,
            "11968" : 21407,
            "12096" : 15610,
            "12224" : 11151,
            "12352" : 8151,
            "12480" : 5926,
            "12608" : 4266,
            "12736" : 3243,
            "12864" : 2572,
            "12992" : 2092,
            "13120" : 1716,
            "13248" : 1476,
            "13376" : 1267,
            "13504" : 1151,
            "13632" : 999,
            "13760" : 927,
            "13888" : 874,
            "14016" : 774,
            "14144" : 745,
            "14272" : 687,
            "14400" : 604,
            "14528" : 627,
            "14656" : 536,
            "14784" : 515,
            "14912" : 405,
            "15040" : 389,
            "15168" : 375,
            "15296" : 363,
            "15424" : 331,
            "15552" : 308,
            "15680" : 311,
            "15808" : 258,
            "15936" : 251,
            "16064" : 265,
            "16192" : 242,
            "16320" : 229,
            "16512" : 362,
            "16768" : 354,
            "17024" : 337,
            "17280" : 308,
            "17536" : 305,
            "17792" : 294,
            "18048" : 270,
            "18304" : 246,
            "18560" : 245,
            "18816" : 208,
            "19072" : 231,
            "19328" : 178,
            "19584" : 179,
            "19840" : 191,
            "20096" : 164,
            "20352" : 167,
            "20608" : 173,
            "20864" : 166,
            "21120" : 167,
            "21376" : 145,
            "21632" : 115,
            "21888" : 117,
            "22144" : 121,
            "22400" : 101,
            "22656" : 122,
            "22912" : 108,
            "23168" : 116,
            "23424" : 94,