{
  "fio version" : "fio-3.16",
  "timestamp" : 1759930179,
  "timestamp_ms" : 1759930179965,
  "time" : "Wed Oct  8 22:29:39 2025",
  "global options" : {
    "bs" : "128k",
    "numjobs" : "8",
    "time_based" : "1",
    "runtime" : "30s",
    "randrepeat" : "1",
    "random_generator" : "lfsr",
    "randseed" : "1",
    "refill_buffers" : "1",
    "norandommap" : "1",
    "group_reporting" : "1",
    "lat_percentiles" : "1",
    "ioengine" : "psync",
    "direct" : "0",
    "iodepth" : "1",
    "group_reporting" : "1",
    "end_fsync" : "1",
    "directory" : "/mnt/test/"
  },
  "jobs" : [
    {
      "jobname" : "write",
      "groupid" : 0,
      "error" : 0,
      "eta" : 0,
      "elapsed" : 32,
      "job options" : {
        "rw" : "write"
      },
      "read" : {
        "io_bytes" : 0,
        "io_kbytes" : 0,
        "bw_bytes" : 0,
        "bw" : 0,
        "iops" : 0.000000,
        "runtime" : 0,
        "total_ios" : 0,
        "short_ios" : 0,
        "drop_ios" : 0,
        "slat_ns" : {
          "min" : 0,
          "max" : 0,
          "mean" : 0.000000,
          "stddev" : 0.000000
        },
        "clat_ns" : {
          "min" : 0,
          "max" : 0,
          "mean" : 0.000000,
          "stddev" : 0.000000
        },
        "lat_ns" : {
          "min" : 0,
          "max" : 0,
          "mean" : 0.000000,
          "stddev" : 0.000000,
          "percentile" : {
            "1.000000" : 0,
            "5.000000" : 0,
            "10.000000" : 0,
            "20.000000" : 0,
            "30.000000" : 0,
            "40.000000" : 0,
            "50.000000" : 0,
            "60.000000" : 0,
            "70.000000" : 0,
            "80.000000" : 0,
            "90.000000" : 0,
            "95.000000" : 0,
            "99.000000" : 0,
            "99.500000" : 0,
            "99.900000" : 0,
            "99.950000" : 0,
            "99.990000" : 0
          },
          "bins" : {

          }
        },
        "bw_min" : 0,
        "bw_max" : 0,
        "bw_agg" : 0.000000,
        "bw_mean" : 0.000000,
        "bw_dev" : 0.000000,
        "bw_samples" : 0,
        "iops_min" : 0,
        "iops_max" : 0,
        "iops_mean" : 0.000000,
        "iops_stddev" : 0.000000,
        "iops_samples" : 0
      },
      "write" : {
        "io_bytes" : 82679169024,
        "io_kbytes" : 80741376,
        "bw_bytes" : 2623736006,
        "bw" : 2562242,
        "iops" : 20017.517136,
        "runtime" : 31512,
        "total_ios" : 630792,
        "short_ios" : 0,
        "drop_ios" : 0,
        "slat_ns" : {
          "min" : 0,
          "max" : 0,
          "mean" : 0.000000,
          "stddev" : 0.000000
        },
        "clat_ns" : {
          "min" : 11248,
          "max" : 126700663,
          "mean" : 76188.361203,
          "stddev" : 1430669.012653
        },
        "lat_ns" : {
          "min" : 11258,
          "max" : 126700846,
          "mean" : 76210.602007,
          "stddev" : 1430669.479528,
          "percentile" : {
            "1.000000" : 18048,
            "5.000000" : 22400,
            "10.000000" : 23168,
            "20.000000" : 24192,
            "30.000000" : 25216,
            "40.000000" : 26752,
            "50.000000" : 30336,
            "60.000000" : 31872,
            "70.000000" : 33024,
            "80.000000" : 34048,
            "90.000000" : 38656,
            "95.000000" : 61184,
            "99.000000" : 118272,
            "99.500000" : 134144,
            "99.900000" : 20840448,
            "99.950000" : 43778048,
            "99.990000" : 56360960
          },
          "bins" : {
            "11200" : 1,
            "11328" : 3,
            "11456" : 15,
            "11584" : 14,
            "11712" : 26,
            "11840" : 36,
            "11968" : 55,
            "12096" : 75,
            "12224" : 66,
            "12352" : 92,
            "12480" : 92,
            "12608" : 90,
            "12736" : 110,
            "12864" : 126,
            "12992" : 145,
            "13120" : 142,
            "13248" : 159,
            "13376" : 192,
            "13504" : 165,
            "13632" : 156,
            "13760" : 178,
            "13888" : 182,
            "14016" : 190,
            "14144" : 195,
            "14272" : 174,
            "14400" : 170,
            "14528" : 185,
            "14656" : 157,
            "14784" : 150,
            "14912" : 147,
            "15040" : 154,
            "15168" : 140,
            "15296" : 133,
            "15424" : 135,
            "15552" : 135,
            "15680" : 157,
            "15808" : 119,
            "15936" : 147,
            "16064" : 112,
            "16192" : 107,
            "16320" : 92,
            "16512" : 215,
            "16768" : 216,
            "17024" : 188,
            "17280" : 233,
            "17536" : 258,
            "17792" : 278,
            "18048" : 286,
            "18304" : 312,
            "18560" : 300,
            "18816" : 318,
            "19072" : 291,
            "19328" : 304,
            "19584" : 280,
            "19840" : 210,
            "20096" : 212,
            "20352" : 164,
            "20608" : 210,
            "20864" : 374,
            "21120" : 749,
            "21376" : 1420,
            "21632" : 2701,
            "21888" : 4355,
            "22144" : 6489,
            "22400" : 8612,
            "22656" : 11292,
            "22912" : 13403,
            "23168" : 15053,
            "23424" : 16256,
            "23680" : 16835,
            "23936" : 16944,
            "24192" : 16802,
            "24448" : 16059,
            "24704" : 15411,
            "24960" : 14476,
            "25216" : 13375,
            "25472" : 12253,
            "25728" : 10967,
            "25984" : 9810,
            "26240" : 8526,
            "26496" : 7593,
            "26752" : 6811,
            "27008" : 5930,
            "27264" : 5155,
            "27520" : 4546,
            "27776" : 4198,
            "28032" : 3673,
            "28288" : 3422,
            "28544" : 3233,
            "28800" : 3069,
            "29056" : 3078,
            "29312" : 3471,
            "29568" : 3969,
            "29824" : 4845,
            "30080" : 6089,
            "30336" : 7264,
            "30592" : 8518,
            "30848" : 10120,
            "31104" : 12214,
            "31360" : 13971,
            "31616" : 14488,
            "31872" : 15159,
            "32128" : 15515,
            "32384" : 15286,
            "32640" : 14731,
            "33024" : 27372,
            "33536" : 22648,
            "34048" : 18613,
            "34560" : 15163,
            "35072" : 12142,
            "35584" : 9145,
            "36096" : 7212,
            "36608" : 5543,
            "37120" : 4595,
            "37632" : 3516,
            "38144" : 2934,
            "38656" : 2351,
            "39168" : 2000,
            "39680" : 1734,
            "40192" : 1540,
            "40704" : 1358,
            "41216" : 1268,
            "41728" : 1220,
            "42240" : 1135,
            "42752" : 943,
            "43264" : 863,
            "43776" : 788,
            "44288" : 811,
            "44800" : 798,
            "45312" : 785,
            "45824" : 645,
            "46336" : 701,
            "46848" : 713,
            "47360" : 694,
            "47872" : 683,
            "48384" : 688,
            "48896" : 628,
            "49408" : 583,
            "49920" : 566,
            "50432" : 544,
            "50944" : 498,
            "51456" : 445,
            "51968" : 490,
            "52480" : 469,
            "52992" : 459,
            "53504" : 486,
            "54016" : 439,
            "54528" : 424,
            "55040" : 451,
            "55552" : 391,
            "56064" : 424,
            "56576" : 425,
            "57088" : 425,
            "57600" : 419,
            "58112" : 412,
            "58624" : 411,
            "59136" : 370,
            "59648" : 371,
            "60160" : 354,