{
  "fio version" : "fio-3.16",
  "timestamp" : 1759929845,
  "timestamp_ms" : 1759929845073,
  "time" : "Wed Oct  8 22:24:05 2025",
  "global options" : {
    "bs" : "4k",
    "numjobs" : "1",
    "time_based" : "1",
    "runtime" : "30s",
    "randrepeat" : "1",
    "random_generator" : "lfsr",
    "randseed" : "1",
    "refill_buffers" : "1",
    "norandommap" : "1",
    "group_reporting" : "1",
    "lat_percentiles" : "1",
    "ioengine" : "psync",
    "direct" : "0",
    "iodepth" : "1",
    "group_reporting" : "1",
    "end_fsync" : "1",
    "directory" : "/mnt/test/"
  },
  "jobs" : [
    {
      "jobname" : "write",
      "groupid" : 0,
      "error" : 0,
      "eta" : 0,
      "elapsed" : 32,
      "job options" : {
        "rw" : "write"
      },
      "read" : {
        "io_bytes" : 0,
        "io_kbytes" : 0,
        "bw_bytes" : 0,
        "bw" : 0,
        "iops" : 0.000000,
        "runtime" : 0,
        "total_ios" : 0,
        "short_ios" : 0,
        "drop_ios" : 0,
        "slat_ns" : {
          "min" : 0,
          "max" : 0,
          "mean" : 0.000000,
          "stddev" : 0.000000
        },
        "clat_ns" : {
          "min" : 0,
          "max" : 0,
          "mean" : 0.000000,
          "stddev" : 0.000000
        },
        "lat_ns" : {
          "min" : 0,
          "max" : 0,
          "mean" : 0.000000,
          "stddev" : 0.000000,
          "percentile" : {
            "1.000000" : 0,
            "5.000000" : 0,
            "10.000000" : 0,
            "20.000000" : 0,
            "30.000000" : 0,
            "40.000000" : 0,
            "50.000000" : 0,
            "60.000000" : 0,
            "70.000000" : 0,
            "80.000000" : 0,
            "90.000000" : 0,
            "95.000000" : 0,
            "99.000000" : 0,
            "99.500000" : 0,
            "99.900000" : 0,
            "99.950000" : 0,
            "99.990000" : 0
          },
          "bins" : {

          }
        },
        "bw_min" : 0,
        "bw_max" : 0,
        "bw_agg" : 0.000000,
        "bw_mean" : 0.000000,
        "bw_dev" : 0.000000,
        "bw_samples" : 0,
        "iops_min" : 0,
        "iops_max" : 0,
        "iops_mean" : 0.000000,
        "iops_stddev" : 0.000000,
        "iops_samples" : 0
      },
      "write" : {
        "io_bytes" : 15032389632,
        "io_kbytes" : 14680068,
        "bw_bytes" : 479456180,
        "bw" : 468218,
        "iops" : 117054.731605,
        "runtime" : 31353,
        "total_ios" : 3670017,
        "short_ios" : 0,
        "drop_ios" : 0,
        "slat_ns" : {
          "min" : 0,
          "max" : 0,
          "mean" : 0.000000,
          "stddev" : 0.000000
        },
        "clat_ns" : {
          "min" : 480,
          "max" : 976074,
          "mean" : 856.361322,
          "stddev" : 1029.103404
        },
        "lat_ns" : {
          "min" : 489,
          "max" : 977280,
          "mean" : 865.035641,
          "stddev" : 1039.557664,
          "percentile" : {
            "1.000000" : 540,
            "5.000000" : 740,
            "10.000000" : 748,
            "20.000000" : 756,
            "30.000000" : 764,
            "40.000000" : 780,
            "50.000000" : 788,
            "60.000000" : 804,
            "70.000000" : 820,
            "80.000000" : 852,
            "90.000000" : 1192,
            "95.000000" : 1272,
            "99.000000" : 1880,
            "99.500000" : 2096,
            "99.900000" : 3184,
            "99.950000" : 4192,
            "99.990000" : 26240
          },
          "bins" : {
            "490" : 5,
            "494" : 5,
            "498" : 23,
            "502" : 60,
            "506" : 352,
            "510" : 1400,
            "516" : 7155,
            "524" : 9765,
            "532" : 9915,
            "540" : 9175,
            "548" : 9177,
            "556" : 8836,
            "564" : 8436,
            "572" : 8704,
            "580" : 8798,
            "588" : 8043,
            "596" : 7322,
            "604" : 6159,
            "612" : 5246,
            "620" : 4658,
            "628" : 4180,
            "636" : 3865,
            "644" : 3482,
            "652" : 3114,
            "660" : 2673,
            "668" : 2125,
            "676" : 1835,
            "684" : 1593,
            "692" : 1452,
            "700" : 1232,
            "708" : 1052,
            "716" : 980,
            "724" : 2330,
            "732" : 26093,
            "740" : 147667,
            "748" : 270308,
            "756" : 273626,
            "764" : 270552,
            "772" : 283775,
            "780" : 271971,
            "788" : 253047,
            "796" : 228343,
            "804" : 194913,
            "812" : 162846,
            "820" : 129857,
            "828" : 99781,
            "836" : 76688,
            "844" : 58397,
            "852" : 46286,
            "860" : 37313,
            "868" : 31379,
            "876" : 26044,
            "884" : 22194,
            "892" : 19524,
            "900" : 16959,
            "908" : 15138,
            "916" : 13644,
            "924" : 12165,
            "932" : 11414,
            "940" : 10367,
            "948" : 9837,
            "956" : 9004,
            "964" : 8595,
            "972" : 8090,
            "980" : 7764,
            "988" : 7450,
            "996" : 7125,
            "1004" : 6771,
            "1012" : 6534,
            "1020" : 6279,
            "1032" : 11933,
            "1048" : 11350,
            "1064" : 9709,
            "1080" : 7855,
            "1096" : 5770,
            "1112" : 4222,
            "1128" : 3020,
            "1144" : 2766,
            "1160" : 3333,
            "1176" : 4552,
            "1192" : 8072,
            "1208" : 25644,
            "1224" : 38286,
            "1240" : 43018,
            "1256" : 41409,
            "1272" : 34716,
            "1288" : 26031,
            "1304" : 18275,
            "1320" : 12784,
            "1336" : 8985,
            "1352" : 6826,
            "1368" : 5351,
            "1384" : 4283,
            "1400" : 3576,
            "1416" : 3235,
            "1432" : 2928,
            "1448" : 2860,
            "1464" : 2686,
            "1480" : 2610,
            "1496" : 2680,
            "1512" : 2707,
            "1528" : 2678,
            "1544" : 2689,
            "1560" : 2611,
            "1576" : 2513,
            "1592" : 2373,
            "1608" : 2190,
            "1624" : 2213,
            "1640" : 2196,
            "1656" : 2184,
            "1672" : 2143,
            "1688" : 2058,
            "1704" : 1975,
            "1720" : 1768,
            "1736" : 1657,
            "1752" : 1492,
            "1768" : 1346,
            "1784" : 1227,
            "1800" : 1124,
            "1816" : 1114,
            "1832" : 1039,
            "1848" : 1066,
            "1864" : 1024,
            "1880" : 1131,
            "1896" : 1077,
            "1912" : 1096,
            "1928" : 1149,
            "1944" : 1216,
            "1960" : 1270,
            "1976" : 1257,
            "1992" : 1254,
            "2008" : 1328,
            "2024" : 1336,
            "2040" : 1421,
            "2064" : 2828,
            "2096" : 2746,
            "2128" : 2527,
            "2160" : 2094,
            "2192" : 1635,
            "2224" : 1226,
            "2256" : 909,
            "2288" : 664,
            "2320" : 520,
            "2352" : 445,
            "2384" : 413,
            "2416" : 351,
            "2448" : 323,
            "2480" : 300,
            "2512" : 315,
            "2544" : 277,
            "2576" : 320,
            "2608" : 253,
            "2640" : 242,
            "2672" : 172,
            "2704" : 157,
            "2736" : 135,
            "2768" : 107,
            "2800" : 83,
            "2832" : 72,
            "2864" : 70,
            "2896" : 67,
            "2928" : 71,
            "2960" : 48,
            "2992" : 62,
            "3024" : 53,
            "3056" : 65,
            "3088" : 60,