{
  "fio version" : "fio-3.16",
  "timestamp" : 1759929879,
  "timestamp_ms" : 1759929879615,
  "time" : "Wed Oct  8 22:24:39 2025",
  "global options" : {
    "bs" : "4k",
    "numjobs" : "2",
    "time_based" : "1",
    "runtime" : "30s",
    "randrepeat" : "1",
    "random_generator" : "lfsr",
    "randseed" : "1",
    "refill_buffers" : "1",
    "norandommap" : "1",
    "group_reporting" : "1",
    "lat_percentiles" : "1",
    "ioengine" : "psync",
    "direct" : "0",
    "iodepth" : "1",
    "group_reporting" : "1",
    "end_fsync" : "1",
    "directory" : "/mnt/test/"
  },
  "jobs" : [
    {
      "jobname" : "write",
      "groupid" : 0,
      "error" : 0,
      "eta" : 0,
      "elapsed" : 32,
      "job options" : {
        "rw" : "write"
      },
      "read" : {
        "io_bytes" : 0,
        "io_kbytes" : 0,
        "bw_bytes" : 0,
        "bw" : 0,
        "iops" : 0.000000,
        "runtime" : 0,
        "total_ios" : 0,
        "short_ios" : 0,
        "drop_ios" : 0,
        "slat_ns" : {
          "min" : 0,
          "max" : 0,
          "mean" : 0.000000,
          "stddev" : 0.000000
        },
        "clat_ns" : {
          "min" : 0,
          "max" : 0,
          "mean" : 0.000000,
          "stddev" : 0.000000
        },
        "lat_ns" : {
          "min" : 0,
          "max" : 0,
          "mean" : 0.000000,
          "stddev" : 0.000000,
          "percentile" : {
            "1.000000" : 0,
            "5.000000" : 0,
            "10.000000" : 0,
            "20.000000" : 0,
            "30.000000" : 0,
            "40.000000" : 0,
            "50.000000" : 0,
            "60.000000" : 0,
            "70.000000" : 0,
            "80.000000" : 0,
            "90.000000" : 0,
            "95.000000" : 0,
            "99.000000" : 0,
            "99.500000" : 0,
            "99.900000" : 0,
            "99.950000" : 0,
            "99.990000" : 0
          },
          "bins" : {

          }
        },
        "bw_min" : 0,
        "bw_max" : 0,
        "bw_agg" : 0.000000,
        "bw_mean" : 0.000000,
        "bw_dev" : 0.000000,
        "bw_samples" : 0,
        "iops_min" : 0,
        "iops_max" : 0,
        "iops_mean" : 0.000000,
        "iops_stddev" : 0.000000,
        "iops_samples" : 0
      },
      "write" : {
        "io_bytes" : 28309770240,
        "io_kbytes" : 27646260,
        "bw_bytes" : 913041677,
        "bw" : 891642,
        "iops" : 222910.565697,
        "runtime" : 31006,
        "total_ios" : 6911565,
        "short_ios" : 0,
        "drop_ios" : 0,
        "slat_ns" : {
          "min" : 0,
          "max" : 0,
          "mean" : 0.000000,
          "stddev" : 0.000000
        },
        "clat_ns" : {
          "min" : 474,
          "max" : 78152716,
          "mean" : 968.721287,
          "stddev" : 40455.652037
        },
        "lat_ns" : {
          "min" : 481,
          "max" : 78152731,
          "mean" : 978.619756,
          "stddev" : 40455.826928,
          "percentile" : {
            "1.000000" : 564,
            "5.000000" : 748,
            "10.000000" : 756,
            "20.000000" : 772,
            "30.000000" : 780,
            "40.000000" : 796,
            "50.000000" : 812,
            "60.000000" : 836,
            "70.000000" : 900,
            "80.000000" : 1208,
            "90.000000" : 1384,
            "95.000000" : 1480,
            "99.000000" : 2128,
            "99.500000" : 2384,
            "99.900000" : 3824,
            "99.950000" : 4704,
            "99.990000" : 26240
          },
          "bins" : {
            "482" : 2,
            "486" : 11,
            "490" : 10,
            "494" : 26,
            "498" : 79,
            "502" : 338,
            "506" : 976,
            "510" : 1838,
            "516" : 7068,
            "524" : 10564,
            "532" : 11332,
            "540" : 11594,
            "548" : 11746,
            "556" : 12307,
            "564" : 12568,
            "572" : 12190,
            "580" : 11912,
            "588" : 10857,
            "596" : 9628,
            "604" : 8277,
            "612" : 7344,
            "620" : 6569,
            "628" : 5938,
            "636" : 5265,
            "644" : 4646,
            "652" : 4213,
            "660" : 3775,
            "668" : 3057,
            "676" : 2835,
            "684" : 2361,
            "692" : 2180,
            "700" : 1958,
            "708" : 1790,
            "716" : 1689,
            "724" : 4021,
            "732" : 26118,
            "740" : 121496,
            "748" : 277451,
            "756" : 361209,
            "764" : 385468,
            "772" : 398880,
            "780" : 394262,
            "788" : 385223,
            "796" : 365448,
            "804" : 331730,
            "812" : 290619,
            "820" : 249457,
            "828" : 212740,
            "836" : 177605,
            "844" : 143404,
            "852" : 121840,
            "860" : 102476,
            "868" : 88996,
            "876" : 77481,
            "884" : 67294,
            "892" : 59301,
            "900" : 51902,
            "908" : 45924,
            "916" : 41593,
            "924" : 36599,
            "932" : 33583,
            "940" : 31114,
            "948" : 28684,
            "956" : 26854,
            "964" : 25041,
            "972" : 23442,
            "980" : 21974,
            "988" : 20923,
            "996" : 19840,
            "1004" : 18830,
            "1012" : 18141,
            "1020" : 17372,
            "1032" : 33766,
            "1048" : 33592,
            "1064" : 32155,
            "1080" : 28611,
            "1096" : 24441,
            "1112" : 19457,
            "1128" : 15456,
            "1144" : 12179,
            "1160" : 10316,
            "1176" : 9830,
            "1192" : 12264,
            "1208" : 21414,
            "1224" : 32385,
            "1240" : 38949,
            "1256" : 41639,
            "1272" : 41376,
            "1288" : 43901,
            "1304" : 54929,
            "1320" : 77287,
            "1336" : 101114,
            "1352" : 113800,
            "1368" : 114407,
            "1384" : 101068,
            "1400" : 81710,
            "1416" : 61319,
            "1432" : 45800,
            "1448" : 35102,
            "1464" : 28248,
            "1480" : 22755,
            "1496" : 18872,
            "1512" : 15918,
            "1528" : 14191,
            "1544" : 12881,
            "1560" : 11499,
            "1576" : 10734,
            "1592" : 10409,
            "1608" : 9686,
            "1624" : 8879,
            "1640" : 8163,
            "1656" : 7415,
            "1672" : 6642,
            "1688" : 5988,
            "1704" : 5409,
            "1720" : 4976,
            "1736" : 4570,
            "1752" : 4081,
            "1768" : 3904,
            "1784" : 3692,
            "1800" : 3486,
            "1816" : 3257,
            "1832" : 3077,
            "1848" : 3001,
            "1864" : 2968,
            "1880" : 3037,
            "1896" : 3271,
            "1912" : 3847,
            "1928" : 4847,
            "1944" : 6040,
            "1960" : 7055,
            "1976" : 7291,
            "1992" : 7250,
            "2008" : 6448,
            "2024" : 5664,
            "2040" : 4874,
            "2064" : 8539,
            "2096" : 7787,
            "2128" : 7309,
            "2160" : 6246,
            "2192" : 5195,
            "2224" : 4302,
            "2256" : 3838,
            "2288" : 3181,
            "2320" : 2871,
            "2352" : 2720,
            "2384" : 2407,
            "2416" : 2268,
            "2448" : 2132,
            "2480" : 2068,
            "2512" : 1828,
            "2544" : 1601,
            "2576" : 1393,
            "2608" : 1270,
            "2640" : 1060,
            "2672" : 937,
            "2704" : 841,
            "2736" : 762,
            "2768" : 697,
            "2800" : 642,
            "2832" : 578,
            "2864" : 562,
            "2896" : 512,