{
  "fio version" : "fio-3.16",
  "timestamp" : 1759929916,
  "timestamp_ms" : 1759929916090,
  "time" : "Wed Oct  8 22:25:16 2025",
  "global options" : {
    "bs" : "4k",
    "numjobs" : "4",
    "time_based" : "1",
    "runtime" : "30s",
    "randrepeat" : "1",
    "random_generator" : "lfsr",
    "randseed" : "1",
    "refill_buffers" : "1",
    "norandommap" : "1",
    "group_reporting" : "1",
    "lat_percentiles" : "1",
    "ioengine" : "psync",
    "direct" : "0",
    "iodepth" : "1",
    "group_reporting" : "1",
    "end_fsync" : "1",
    "directory" : "/mnt/test/"
  },
  "jobs" : [
    {
      "jobname" : "write",
      "groupid" : 0,
      "error" : 0,
      "eta" : 0,
      "elapsed" : 34,
      "job options" : {
        "rw" : "write"
      },
      "read" : {
        "io_bytes" : 0,
        "io_kbytes" : 0,
        "bw_bytes" : 0,
        "bw" : 0,
        "iops" : 0.000000,
        "runtime" : 0,
        "total_ios" : 0,
        "short_ios" : 0,
        "drop_ios" : 0,
        "slat_ns" : {
          "min" : 0,
          "max" : 0,
          "mean" : 0.000000,
          "stddev" : 0.000000
        },
        "clat_ns" : {
          "min" : 0,
          "max" : 0,
          "mean" : 0.000000,
          "stddev" : 0.000000
        },
        "lat_ns" : {
          "min" : 0,
          "max" : 0,
          "mean" : 0.000000,
          "stddev" : 0.000000,
          "percentile" : {
            "1.000000" : 0,
            "5.000000" : 0,
            "10.000000" : 0,
            "20.000000" : 0,
            "30.000000" : 0,
            "40.000000" : 0,
            "50.000000" : 0,
            "60.000000" : 0,
            "70.000000" : 0,
            "80.000000" : 0,
            "90.000000" : 0,
            "95.000000" : 0,
            "99.000000" : 0,
            "99.500000" : 0,
            "99.900000" : 0,
            "99.950000" : 0,
            "99.990000" : 0
          },
          "bins" : {

          }
        },
        "bw_min" : 0,
        "bw_max" : 0,
        "bw_agg" : 0.000000,
        "bw_mean" : 0.000000,
        "bw_dev" : 0.000000,
        "bw_samples" : 0,
        "iops_min" : 0,
        "iops_max" : 0,
        "iops_mean" : 0.000000,
        "iops_stddev" : 0.000000,
        "iops_samples" : 0
      },
      "write" : {
        "io_bytes" : 30064787456,
        "io_kbytes" : 29360144,
        "bw_bytes" : 913129459,
        "bw" : 891727,
        "iops" : 222931.996963,
        "runtime" : 32925,
        "total_ios" : 7340036,
        "short_ios" : 0,
        "drop_ios" : 0,
        "slat_ns" : {
          "min" : 0,
          "max" : 0,
          "mean" : 0.000000,
          "stddev" : 0.000000
        },
        "clat_ns" : {
          "min" : 432,
          "max" : 288028162,
          "mean" : 1142.417649,
          "stddev" : 163364.788262
        },
        "lat_ns" : {
          "min" : 441,
          "max" : 288028981,
          "mean" : 1153.915227,
          "stddev" : 163364.997178,
          "percentile" : {
            "1.000000" : 636,
            "5.000000" : 756,
            "10.000000" : 772,
            "20.000000" : 788,
            "30.000000" : 804,
            "40.000000" : 828,
            "50.000000" : 860,
            "60.000000" : 948,
            "70.000000" : 1256,
            "80.000000" : 1352,
            "90.000000" : 1432,
            "95.000000" : 1608,
            "99.000000" : 2288,
            "99.500000" : 2672,
            "99.900000" : 4320,
            "99.950000" : 6432,
            "99.990000" : 26240
          },
          "bins" : {
            "442" : 1,
            "446" : 1,
            "450" : 2,
            "454" : 1,
            "462" : 1,
            "490" : 3,
            "494" : 5,
            "498" : 25,
            "502" : 69,
            "506" : 188,
            "510" : 308,
            "516" : 903,
            "524" : 2314,
            "532" : 4629,
            "540" : 5442,
            "548" : 5294,
            "556" : 5648,
            "564" : 5990,
            "572" : 6213,
            "580" : 6357,
            "588" : 6440,
            "596" : 5959,
            "604" : 5252,
            "612" : 4417,
            "620" : 3945,
            "628" : 3519,
            "636" : 3150,
            "644" : 2902,
            "652" : 2551,
            "660" : 2442,
            "668" : 2031,
            "676" : 1838,
            "684" : 1647,
            "692" : 1466,
            "700" : 1243,
            "708" : 1153,
            "716" : 1356,
            "724" : 4835,
            "732" : 21466,
            "740" : 54834,
            "748" : 105624,
            "756" : 176978,
            "764" : 238716,
            "772" : 285828,
            "780" : 314248,
            "788" : 328563,
            "796" : 331205,
            "804" : 325104,
            "812" : 309294,
            "820" : 282334,
            "828" : 248645,
            "836" : 213765,
            "844" : 178067,
            "852" : 150311,
            "860" : 124660,
            "868" : 104950,
            "876" : 89399,
            "884" : 75983,
            "892" : 65962,
            "900" : 58188,
            "908" : 51279,
            "916" : 45985,
            "924" : 40987,
            "932" : 37987,
            "940" : 34421,
            "948" : 32361,
            "956" : 30371,
            "964" : 28295,
            "972" : 27541,
            "980" : 26041,
            "988" : 25309,
            "996" : 24536,
            "1004" : 24884,
            "1012" : 26044,
            "1020" : 26997,
            "1032" : 55155,
            "1048" : 54928,
            "1064" : 55153,
            "1080" : 50903,
            "1096" : 43093,
            "1112" : 35138,
            "1128" : 28213,
            "1144" : 21977,
            "1160" : 17889,
            "1176" : 14745,
            "1192" : 14901,
            "1208" : 18063,
            "1224" : 23151,
            "1240" : 28439,
            "1256" : 37960,
            "1272" : 58833,
            "1288" : 95609,
            "1304" : 144686,
            "1320" : 181919,
            "1336" : 195899,
            "1352" : 193231,
            "1368" : 175669,
            "1384" : 147146,
            "1400" : 118707,
            "1416" : 96396,
            "1432" : 78006,
            "1448" : 61920,
            "1464" : 49553,
            "1480" : 39896,
            "1496" : 32857,
            "1512" : 27677,
            "1528" : 23540,
            "1544" : 20739,
            "1560" : 18980,
            "1576" : 17201,
            "1592" : 15994,
            "1608" : 14490,
            "1624" : 12834,
            "1640" : 11501,
            "1656" : 10237,
            "1672" : 9630,
            "1688" : 8962,
            "1704" : 8433,
            "1720" : 7519,
            "1736" : 6847,
            "1752" : 6349,
            "1768" : 5789,
            "1784" : 5362,
            "1800" : 5041,
            "1816" : 4643,
            "1832" : 4528,
            "1848" : 4497,
            "1864" : 5015,
            "1880" : 6320,
            "1896" : 8259,
            "1912" : 10779,
            "1928" : 12720,
            "1944" : 13971,
            "1960" : 14044,
            "1976" : 13011,
            "1992" : 11665,
            "2008" : 10345,
            "2024" : 8863,
            "2040" : 7708,
            "2064" : 12667,
            "2096" : 10026,
            "2128" : 8353,
            "2160" : 7506,
            "2192" : 6451,
            "2224" : 5372,
            "2256" : 4595,
            "2288" : 4096,
            "2320" : 3617,
            "2352" : 3335,
            "2384" : 3391,
            "2416" : 3335,
            "2448" : 3327,
            "2480" : 3332,
            "2512" : 3216,
            "2544" : 3036,
            "2576" : 2666,
            "2608" : 2271,
            "2640" : 1904,
            "2672" : 1690,
            "2704" : 1431,
            "2736" : 1248,
            "2768" : 1166,
            "2800" : 1125,