{
  "fio version" : "fio-3.16",
  "timestamp" : 1759930076,
  "timestamp_ms" : 1759930076508,
  "time" : "Wed Oct  8 22:27:56 2025",
  "global options" : {
    "bs" : "128k",
    "numjobs" : "1",
    "time_based" : "1",
    "runtime" : "30s",
    "randrepeat" : "1",
    "random_generator" : "lfsr",
    "randseed" : "1",
    "refill_buffers" : "1",
    "norandommap" : "1",
    "group_reporting" : "1",
    "lat_percentiles" : "1",
    "ioengine" : "psync",
    "direct" : "0",
    "iodepth" : "1",
    "group_reporting" : "1",
    "end_fsync" : "1",
    "directory" : "/mnt/test/"
  },
  "jobs" : [
    {
      "jobname" : "write",
      "groupid" : 0,
      "error" : 0,
      "eta" : 0,
      "elapsed" : 31,
      "job options" : {
        "rw" : "write"
      },
      "read" : {
        "io_bytes" : 0,
        "io_kbytes" : 0,
        "bw_bytes" : 0,
        "bw" : 0,
        "iops" : 0.000000,
        "runtime" : 0,
        "total_ios" : 0,
        "short_ios" : 0,
        "drop_ios" : 0,
        "slat_ns" : {
          "min" : 0,
          "max" : 0,
          "mean" : 0.000000,
          "stddev" : 0.000000
        },
        "clat_ns" : {
          "min" : 0,
          "max" : 0,
          "mean" : 0.000000,
          "stddev" : 0.000000
        },
        "lat_ns" : {
          "min" : 0,
          "max" : 0,
          "mean" : 0.000000,
          "stddev" : 0.000000,
          "percentile" : {
            "1.000000" : 0,
            "5.000000" : 0,
            "10.000000" : 0,
            "20.000000" : 0,
            "30.000000" : 0,
            "40.000000" : 0,
            "50.000000" : 0,
            "60.000000" : 0,
            "70.000000" : 0,
            "80.000000" : 0,
            "90.000000" : 0,
            "95.000000" : 0,
            "99.000000" : 0,
            "99.500000" : 0,
            "99.900000" : 0,
            "99.950000" : 0,
            "99.990000" : 0
          },
          "bins" : {

          }
        },
        "bw_min" : 0,
        "bw_max" : 0,
        "bw_agg" : 0.000000,
        "bw_mean" : 0.000000,
        "bw_dev" : 0.000000,
        "bw_samples" : 0,
        "iops_min" : 0,
        "iops_max" : 0,
        "iops_mean" : 0.000000,
        "iops_stddev" : 0.000000,
        "iops_samples" : 0
      },
      "write" : {
        "io_bytes" : 41594519552,
        "io_kbytes" : 40619648,
        "bw_bytes" : 1372031915,
        "bw" : 1339874,
        "iops" : 10467.772793,
        "runtime" : 30316,
        "total_ios" : 317341,
        "short_ios" : 0,
        "drop_ios" : 0,
        "slat_ns" : {
          "min" : 0,
          "max" : 0,
          "mean" : 0.000000,
          "stddev" : 0.000000
        },
        "clat_ns" : {
          "min" : 10723,
          "max" : 1697664,
          "mean" : 22398.206677,
          "stddev" : 5199.729737
        },
        "lat_ns" : {
          "min" : 10732,
          "max" : 1698940,
          "mean" : 22407.126476,
          "stddev" : 5201.494385,
          "percentile" : {
            "1.000000" : 20096,
            "5.000000" : 20864,
            "10.000000" : 21120,
            "20.000000" : 21376,
            "30.000000" : 21632,
            "40.000000" : 21888,
            "50.000000" : 22144,
            "60.000000" : 22400,
            "70.000000" : 22656,
            "80.000000" : 23168,
            "90.000000" : 23680,
            "95.000000" : 24192,
            "99.000000" : 26752,
            "99.500000" : 46336,
            "99.900000" : 48896,
            "99.950000" : 50432,
            "99.990000" : 195584
          },
          "bins" : {
            "10688" : 1,
            "10816" : 4,
            "10944" : 7,
            "11072" : 49,
            "11200" : 61,
            "11328" : 113,
            "11456" : 141,
            "11584" : 165,
            "11712" : 208,
            "11840" : 214,
            "11968" : 213,
            "12096" : 159,
            "12224" : 166,
            "12352" : 151,
            "12480" : 130,
            "12608" : 94,
            "12736" : 88,
            "12864" : 66,
            "12992" : 40,
            "13120" : 32,
            "13248" : 26,
            "13376" : 21,
            "13504" : 11,
            "13632" : 10,
            "13760" : 6,
            "13888" : 1,
            "14016" : 2,
            "14144" : 4,
            "14272" : 1,
            "14784" : 1,
            "15040" : 2,
            "15168" : 2,
            "15424" : 1,
            "16192" : 3,
            "17536" : 1,
            "18560" : 1,
            "19072" : 1,
            "19328" : 5,
            "19584" : 42,
            "19840" : 262,
            "20096" : 1188,
            "20352" : 3629,
            "20608" : 8372,
            "20864" : 15015,
            "21120" : 22931,
            "21376" : 28333,
            "21632" : 30675,
            "21888" : 31349,
            "22144" : 30135,
            "22400" : 28796,
            "22656" : 26415,
            "22912" : 22964,
            "23168" : 18432,
            "23424" : 13756,
            "23680" : 9232,
            "23936" : 6138,
            "24192" : 4020,
            "24448" : 2846,
            "24704" : 1968,
            "24960" : 1565,
            "25216" : 1178,
            "25472" : 890,
            "25728" : 597,
            "25984" : 516,
            "26240" : 362,
            "26496" : 278,
            "26752" : 175,
            "27008" : 125,
            "27264" : 108,
            "27520" : 77,
            "27776" : 61,
            "28032" : 33,
            "28288" : 28,
            "28544" : 25,
            "28800" : 26,
            "29056" : 11,
            "29312" : 7,
            "29568" : 7,
            "29824" : 2,
            "30080" : 6,
            "30336" : 4,
            "30592" : 10,
            "30848" : 1,
            "31104" : 5,
            "31360" : 3,
            "31616" : 4,
            "31872" : 2,
            "32128" : 5,
            "32384" : 3,
            "32640" : 3,
            "33024" : 4,
            "33536" : 5,
            "34048" : 11,
            "34560" : 24,
            "35072" : 22,
            "35584" : 37,
            "36096" : 37,
            "36608" : 35,
            "37120" : 44,
            "37632" : 36,
            "38144" : 48,
            "38656" : 32,
            "39168" : 34,
            "39680" : 33,
            "40192" : 27,
            "40704" : 46,
            "41216" : 36,
            "41728" : 43,
            "42240" : 34,
            "42752" : 51,
            "43264" : 21,
            "43776" : 25,
            "44288" : 25,
            "44800" : 40,
            "45312" : 34,
            "45824" : 61,
            "46336" : 165,
            "46848" : 262,
            "47360" : 268,
            "47872" : 261,
            "48384" : 222,
            "48896" : 190,
            "49408" : 85,
            "49920" : 52,
            "50432" : 29,
            "50944" : 22,
            "51456" : 5,
            "51968" : 4,
            "52480" : 3,
            "53504" : 2,
            "54528" : 2,
            "55040" : 1,
            "55552" : 1,
            "57600" : 2,
            "59648" : 1,
            "60672" : 1,
            "63232" : 2,
            "65280" : 1,
            "66048" : 1,
            "83456" : 1,
            "85504" : 1,
            "87552" : 1,
            "90624" : 1,
            "96768" : 1,
            "101888" : 3,
            "102912" : 8,
            "103936" : 4,
            "104960" : 1,
            "105984" : 1,
            "107008" : 2,
            "108032" : 2,
            "109056" : 3,
            "110080" : 2,
            "111104" : 2,
            "113152" : 1,
            "114176" : 1,
            "121344" : 1,
            "122368" : 1,
            "124416" : 2,
            "134144" : 1,
            "138240" : 2,
            "146432" : 1,
            "181248" : 1,
            "185344" : 3,
            "187392" : 4,
            "189440" : 5,
            "191488" : 7,
            "193536" : 3,