{
  "fio version" : "fio-3.16",
  "timestamp" : 1763301916,
  "timestamp_ms" : 1763301916177,
  "time" : "Sun Nov 16 14:05:16 2025",
  "global options" : {
    "numjobs" : "32",
    "ioengine" : "psync",
    "iodepth" : "1",
    "direct" : "0",
    "group_reporting" : "1",
    "filename_format" : "fio_$jobnum"
  },
  "jobs" : [
    {
      "jobname" : "target-job",
      "groupid" : 0,
      "error" : 0,
      "eta" : 0,
      "elapsed" : 31,
      "job options" : {
        "bs" : "4K",
        "rw" : "randread",
        "size" : "512M",
        "time_based" : "1",
        "runtime" : "30"
      },
      "read" : {
        "io_bytes" : 386187902976,
        "io_kbytes" : 377136624,
        "bw_bytes" : 12871642934,
        "bw" : 12569963,
        "iops" : 3142490.950905,
        "runtime" : 30003,
        "total_ios" : 94284156,
        "short_ios" : 0,
        "drop_ios" : 0,
        "slat_ns" : {
          "min" : 0,
          "max" : 0,
          "mean" : 0.000000,
          "stddev" : 0.000000
        },
        "clat_ns" : {
          "min" : 552,
          "max" : 4078433,
          "mean" : 9694.599534,
          "stddev" : 23787.893036,
          "percentile" : {
            "1.000000" : 1800,
            "5.000000" : 2384,
            "10.000000" : 3152,
            "20.000000" : 4080,
            "30.000000" : 4576,
            "40.000000" : 4960,
            "50.000000" : 5344,
            "60.000000" : 5728,
            "70.000000" : 6176,
            "80.000000" : 6752,
            "90.000000" : 7776,
            "95.000000" : 10176,
            "99.000000" : 132096,
            "99.500000" : 171008,
            "99.900000" : 261120,
            "99.950000" : 296960,
            "99.990000" : 387072
          }
        },
        "lat_ns" : {
          "min" : 579,
          "max" : 4078473,
          "mean" : 9741.569693,
          "stddev" : 23789.568598
        },
        "bw_min" : 1165883,
        "bw_max" : 25258813,
        "bw_agg" : 99.172618,
        "bw_mean" : 12465961.376271,
        "bw_dev" : 278576.805834,
        "bw_samples" : 1895,
        "iops_min" : 291470,
        "iops_max" : 6314710,
        "iops_mean" : 3116490.164689,
        "iops_stddev" : 69644.209664,
        "iops_samples" : 1895
      },
      "write" : {
        "io_bytes" : 0,
        "io_kbytes" : 0,
        "bw_bytes" : 0,
        "bw" : 0,
        "iops" : 0.000000,
        "runtime" : 0,
        "total_ios" : 0,
        "short_ios" : 0,
        "drop_ios" : 0,
        "slat_ns" : {
          "min" : 0,
          "max" : 0,
          "mean" : 0.000000,
          "stddev" : 0.000000
        },
        "clat_ns" : {
          "min" : 0,
          "max" : 0,
          "mean" : 0.000000,
          "stddev" : 0.000000,
          "percentile" : {
            "1.000000" : 0,
            "5.000000" : 0,
            "10.000000" : 0,
            "20.000000" : 0,
            "30.000000" : 0,
            "40.000000" : 0,
            "50.000000" : 0,
            "60.000000" : 0,
            "70.000000" : 0,
            "80.000000" : 0,
            "90.000000" : 0,
            "95.000000" : 0,
            "99.000000" : 0,
            "99.500000" : 0,
            "99.900000" : 0,
            "99.950000" : 0,
            "99.990000" : 0
          }
        },
        "lat_ns" : {
          "min" : 0,
          "max" : 0,
          "mean" : 0.000000,
          "stddev" : 0.000000
        },
        "bw_min" : 0,
        "bw_max" : 0,
        "bw_agg" : 0.000000,
        "bw_mean" : 0.000000,
        "bw_dev" : 0.000000,
        "bw_samples" : 0,
        "iops_min" : 0,
        "iops_max" : 0,
        "iops_mean" : 0.000000,
        "iops_stddev" : 0.000000,
        "iops_samples" : 0
      },
      "trim" : {
        "io_bytes" : 0,
        "io_kbytes" : 0,
        "bw_bytes" : 0,
        "bw" : 0,
        "iops" : 0.000000,
        "runtime" : 0,
        "total_ios" : 0,
        "short_ios" : 0,
        "drop_ios" : 0,
        "slat_ns" : {
          "min" : 0,
          "max" : 0,
          "mean" : 0.000000,
          "stddev" : 0.000000
        },
        "clat_ns" : {
          "min" : 0,
          "max" : 0,
          "mean" : 0.000000,
          "stddev" : 0.000000,
          "percentile" : {
            "1.000000" : 0,
            "5.000000" : 0,
            "10.000000" : 0,
            "20.000000" : 0,
            "30.000000" : 0,
            "40.000000" : 0,
            "50.000000" : 0,
            "60.000000" : 0,
            "70.000000" : 0,
            "80.000000" : 0,
            "90.000000" : 0,
            "95.000000" : 0,
            "99.000000" : 0,
            "99.500000" : 0,
            "99.900000" : 0,
            "99.950000" : 0,
            "99.990000" : 0
          }
        },
        "lat_ns" : {
          "min" : 0,
          "max" : 0,
          "mean" : 0.000000,
          "stddev" : 0.000000
        },
        "bw_min" : 0,
        "bw_max" : 0,
        "bw_agg" : 0.000000,
        "bw_mean" : 0.000000,
        "bw_dev" : 0.000000,
        "bw_samples" : 0,
        "iops_min" : 0,
        "iops_max" : 0,
        "iops_mean" : 0.000000,
        "iops_stddev" : 0.000000,
        "iops_samples" : 0
      },
      "sync" : {
        "lat_ns" : {
          "min" : 0,
          "max" : 0,
          "mean" : 0.000000,
          "stddev" : 0.000000,
          "percentile" : {
            "1.000000" : 0,
            "5.000000" : 0,
            "10.000000" : 0,
            "20.000000" : 0,
            "30.000000" : 0,
            "40.000000" : 0,
            "50.000000" : 0,
            "60.000000" : 0,
            "70.000000" : 0,
            "80.000000" : 0,
            "90.000000" : 0,
            "95.000000" : 0,
            "99.000000" : 0,
            "99.500000" : 0,
            "99.900000" : 0,
            "99.950000" : 0,
            "99.990000" : 0
          }
        },
        "total_ios" : 0
      },
      "job_runtime" : 960009,
      "usr_cpu" : 7.385452,
      "sys_cpu" : 51.451184,
      "ctx" : 4240987,
      "majf" : 0,
      "minf" : 1001,
      "iodepth_level" : {
        "1" : 100.000000,
        "2" : 0.000000,
        "4" : 0.000000,
        "8" : 0.000000,
        "16" : 0.000000,
        "32" : 0.000000,
        ">=64" : 0.000000
      },
      "iodepth_submit" : {
        "0" : 0.000000,
        "4" : 100.000000,
        "8" : 0.000000,
        "16" : 0.000000,
        "32" : 0.000000,
        "64" : 0.000000,
        ">=64" : 0.000000
      },
      "iodepth_complete" : {
        "0" : 0.000000,
        "4" : 100.000000,
        "8" : 0.000000,
        "16" : 0.000000,
        "32" : 0.000000,
        "64" : 0.000000,
        ">=64" : 0.000000
      },
      "latency_ns" : {
        "2" : 0.000000,
        "4" : 0.000000,
        "10" : 0.000000,
        "20" : 0.000000,
        "50" : 0.000000,
        "100" : 0.000000,
        "250" : 0.000000,
        "500" : 0.000000,
        "750" : 0.010000,
        "1000" : 0.010000
      },
      "latency_us" : {
        "2" : 2.111414,
        "4" : 16.811644,
        "10" : 75.982539,
        "20" : 0.577078,
        "50" : 0.365746,
        "100" : 2.378494,
        "250" : 1.648943,
        "500" : 0.120224,
        "750" : 0.010000,
        "1000" : 0.010000
      },
      "latency_ms" : {
        "2" : 0.010000,
        "4" : 0.010000,
        "10" : 0.010000,
        "20" : 0.000000,
        "50" : 0.000000,
        "100" : 0.000000,
        "250" : 0.000000,
        "500" : 0.000000,
        "750" : 0.000000,
        "1000" : 0.000000,
        "2000" : 0.000000,
        ">=2000" : 0.000000
      },
      "latency_depth" : 1,
      "latency_target" : 0,
      "latency_percentile" : 100.000000,
      "latency_window" : 0
    }
  ],
  "disk_util" : [
    {
      "name" : "nvme2n1",
      "read_ios" : 4194806,
      "write_ios" : 91,
      "read_merges" : 545,
      "write_merges" : 38,
      "read_ticks" : 401286,
      "write_ticks" : 62,
      "in_queue" : 401363,