{
  "fio version" : "fio-3.16",
  "timestamp" : 1763301817,
  "timestamp_ms" : 1763301817056,
  "time" : "Sun Nov 16 14:03:37 2025",
  "global options" : {
    "directory" : "/mnt/test",
    "numjobs" : "32",
    "ioengine" : "psync",
    "iodepth" : "1",
    "direct" : "0",
    "group_reporting" : "1",
    "filename_format" : "fio_$jobnum"
  },
  "jobs" : [
    {
      "jobname" : "target-job",
      "groupid" : 0,
      "error" : 0,
      "eta" : 0,
      "elapsed" : 36,
      "job options" : {
        "bs" : "128K",
        "rw" : "write",
        "size" : "512M",
        "end_fsync" : "1",
        "time_based" : "1",
        "runtime" : "30"
      },
      "read" : {
        "io_bytes" : 0,
        "io_kbytes" : 0,
        "bw_bytes" : 0,
        "bw" : 0,
        "iops" : 0.000000,
        "runtime" : 0,
        "total_ios" : 0,
        "short_ios" : 0,
        "drop_ios" : 0,
        "slat_ns" : {
          "min" : 0,
          "max" : 0,
          "mean" : 0.000000,
          "stddev" : 0.000000
        },
        "clat_ns" : {
          "min" : 0,
          "max" : 0,
          "mean" : 0.000000,
          "stddev" : 0.000000,
          "percentile" : {
            "1.000000" : 0,
            "5.000000" : 0,
            "10.000000" : 0,
            "20.000000" : 0,
            "30.000000" : 0,
            "40.000000" : 0,
            "50.000000" : 0,
            "60.000000" : 0,
            "70.000000" : 0,
            "80.000000" : 0,
            "90.000000" : 0,
            "95.000000" : 0,
            "99.000000" : 0,
            "99.500000" : 0,
            "99.900000" : 0,
            "99.950000" : 0,
            "99.990000" : 0
          }
        },
        "lat_ns" : {
          "min" : 0,
          "max" : 0,
          "mean" : 0.000000,
          "stddev" : 0.000000
        },
        "bw_min" : 0,
        "bw_max" : 0,
        "bw_agg" : 0.000000,
        "bw_mean" : 0.000000,
        "bw_dev" : 0.000000,
        "bw_samples" : 0,
        "iops_min" : 0,
        "iops_max" : 0,
        "iops_mean" : 0.000000,
        "iops_stddev" : 0.000000,
        "iops_samples" : 0
      },
      "write" : {
        "io_bytes" : 133000200192,
        "io_kbytes" : 129883008,
        "bw_bytes" : 3779488496,
        "bw" : 3690906,
        "iops" : 28835.208866,
        "runtime" : 35190,
        "total_ios" : 1014711,
        "short_ios" : 0,
        "drop_ios" : 0,
        "slat_ns" : {
          "min" : 0,
          "max" : 0,
          "mean" : 0.000000,
          "stddev" : 0.000000
        },
        "clat_ns" : {
          "min" : 96929,
          "max" : 201259893,
          "mean" : 921317.032570,
          "stddev" : 5522307.014413,
          "percentile" : {
            "1.000000" : 118272,
            "5.000000" : 136192,
            "10.000000" : 152576,
            "20.000000" : 175104,
            "30.000000" : 195584,
            "40.000000" : 218112,
            "50.000000" : 246784,
            "60.000000" : 284672,
            "70.000000" : 342016,
            "80.000000" : 444416,
            "90.000000" : 659456,
            "95.000000" : 954368,
            "99.000000" : 20840448,
            "99.500000" : 51642368,
            "99.900000" : 68681728,
            "99.950000" : 73924608,
            "99.990000" : 88604672
          }
        },
        "lat_ns" : {
          "min" : 97691,
          "max" : 201260760,
          "mean" : 924015.910902,
          "stddev" : 5522363.190433
        },
        "bw_min" : 1461172,
        "bw_max" : 12318230,
        "bw_agg" : 100.000000,
        "bw_mean" : 4328186.362429,
        "bw_dev" : 79983.593593,
        "bw_samples" : 1911,
        "iops_min" : 11414,
        "iops_max" : 96235,
        "iops_mean" : 33813.022316,
        "iops_stddev" : 624.874263,
        "iops_samples" : 1911
      },
      "trim" : {
        "io_bytes" : 0,
        "io_kbytes" : 0,
        "bw_bytes" : 0,
        "bw" : 0,
        "iops" : 0.000000,
        "runtime" : 0,
        "total_ios" : 0,
        "short_ios" : 0,
        "drop_ios" : 0,
        "slat_ns" : {
          "min" : 0,
          "max" : 0,
          "mean" : 0.000000,
          "stddev" : 0.000000
        },
        "clat_ns" : {
          "min" : 0,
          "max" : 0,
          "mean" : 0.000000,
          "stddev" : 0.000000,
          "percentile" : {
            "1.000000" : 0,
            "5.000000" : 0,
            "10.000000" : 0,
            "20.000000" : 0,
            "30.000000" : 0,
            "40.000000" : 0,
            "50.000000" : 0,
            "60.000000" : 0,
            "70.000000" : 0,
            "80.000000" : 0,
            "90.000000" : 0,
            "95.000000" : 0,
            "99.000000" : 0,
            "99.500000" : 0,
            "99.900000" : 0,
            "99.950000" : 0,
            "99.990000" : 0
          }
        },
        "lat_ns" : {
          "min" : 0,
          "max" : 0,
          "mean" : 0.000000,
          "stddev" : 0.000000
        },
        "bw_min" : 0,
        "bw_max" : 0,
        "bw_agg" : 0.000000,
        "bw_mean" : 0.000000,
        "bw_dev" : 0.000000,
        "bw_samples" : 0,
        "iops_min" : 0,
        "iops_max" : 0,
        "iops_mean" : 0.000000,
        "iops_stddev" : 0.000000,
        "iops_samples" : 0
      },
      "sync" : {
        "lat_ns" : {
          "min" : 0,
          "max" : 0,
          "mean" : 0.000000,
          "stddev" : 0.000000,
          "percentile" : {
            "1.000000" : 0,
            "5.000000" : 0,
            "10.000000" : 0,
            "20.000000" : 0,
            "30.000000" : 0,
            "40.000000" : 0,
            "50.000000" : 0,
            "60.000000" : 0,
            "70.000000" : 0,
            "80.000000" : 0,
            "90.000000" : 0,
            "95.000000" : 0,
            "99.000000" : 0,
            "99.500000" : 0,
            "99.900000" : 0,
            "99.950000" : 0,
            "99.990000" : 0
          }
        },
        "total_ios" : 32
      },
      "job_runtime" : 1077963,
      "usr_cpu" : 0.292125,
      "sys_cpu" : 36.256346,
      "ctx" : 575929,
      "majf" : 0,
      "minf" : 3869,
      "iodepth_level" : {
        "1" : 100.003154,
        "2" : 0.000000,
        "4" : 0.000000,
        "8" : 0.000000,
        "16" : 0.000000,
        "32" : 0.000000,
        ">=64" : 0.000000
      },
      "iodepth_submit" : {
        "0" : 0.000000,
        "4" : 100.000000,
        "8" : 0.000000,
        "16" : 0.000000,
        "32" : 0.000000,
        "64" : 0.000000,
        ">=64" : 0.000000
      },
      "iodepth_complete" : {
        "0" : 0.000000,
        "4" : 100.000000,
        "8" : 0.000000,
        "16" : 0.000000,
        "32" : 0.000000,
        "64" : 0.000000,
        ">=64" : 0.000000
      },
      "latency_ns" : {
        "2" : 0.000000,
        "4" : 0.000000,
        "10" : 0.000000,
        "20" : 0.000000,
        "50" : 0.000000,
        "100" : 0.000000,
        "250" : 0.000000,
        "500" : 0.000000,
        "750" : 0.000000,
        "1000" : 0.000000
      },
      "latency_us" : {
        "2" : 0.000000,
        "4" : 0.000000,
        "10" : 0.000000,
        "20" : 0.000000,
        "50" : 0.000000,
        "100" : 0.010000,
        "250" : 51.038276,
        "500" : 32.620027,
        "750" : 8.362677,
        "1000" : 3.425212
      },
      "latency_ms" : {
        "2" : 2.259560,
        "4" : 0.587655,
        "10" : 0.590809,
        "20" : 0.110869,
        "50" : 0.450177,
        "100" : 0.542913,
        "250" : 0.010000,
        "500" : 0.000000,
        "750" : 0.000000,
        "1000" : 0.000000,
        "2000" : 0.000000,
        ">=2000" : 0.000000
      },
      "latency_depth" : 1,
      "latency_target" : 0,
      "latency_percentile" : 100.000000,
      "latency_window" : 0
    }
  ]
}
