{
  "fio version" : "fio-3.16",
  "timestamp" : 1759934240,
  "timestamp_ms" : 1759934240722,
  "time" : "Wed Oct  8 23:37:20 2025",
  "global options" : {
    "bs" : "128k",
    "numjobs" : "2",
    "time_based" : "1",
    "runtime" : "30s",
    "randrepeat" : "1",
    "random_generator" : "lfsr",
    "randseed" : "1",
    "refill_buffers" : "1",
    "norandommap" : "1",
    "group_reporting" : "1",
    "lat_percentiles" : "1",
    "ioengine" : "psync",
    "direct" : "0",
    "iodepth" : "1",
    "group_reporting" : "1",
    "end_fsync" : "1",
    "directory" : "/mnt/test/"
  },
  "jobs" : [
    {
      "jobname" : "randwrite",
      "groupid" : 0,
      "error" : 0,
      "eta" : 0,
      "elapsed" : 31,
      "job options" : {
        "rw" : "randwrite"
      },
      "read" : {
        "io_bytes" : 0,
        "io_kbytes" : 0,
        "bw_bytes" : 0,
        "bw" : 0,
        "iops" : 0.000000,
        "runtime" : 0,
        "total_ios" : 0,
        "short_ios" : 0,
        "drop_ios" : 0,
        "slat_ns" : {
          "min" : 0,
          "max" : 0,
          "mean" : 0.000000,
          "stddev" : 0.000000
        },
        "clat_ns" : {
          "min" : 0,
          "max" : 0,
          "mean" : 0.000000,
          "stddev" : 0.000000
        },
        "lat_ns" : {
          "min" : 0,
          "max" : 0,
          "mean" : 0.000000,
          "stddev" : 0.000000,
          "percentile" : {
            "1.000000" : 0,
            "5.000000" : 0,
            "10.000000" : 0,
            "20.000000" : 0,
            "30.000000" : 0,
            "40.000000" : 0,
            "50.000000" : 0,
            "60.000000" : 0,
            "70.000000" : 0,
            "80.000000" : 0,
            "90.000000" : 0,
            "95.000000" : 0,
            "99.000000" : 0,
            "99.500000" : 0,
            "99.900000" : 0,
            "99.950000" : 0,
            "99.990000" : 0
          },
          "bins" : {

          }
        },
        "bw_min" : 0,
        "bw_max" : 0,
        "bw_agg" : 0.000000,
        "bw_mean" : 0.000000,
        "bw_dev" : 0.000000,
        "bw_samples" : 0,
        "iops_min" : 0,
        "iops_max" : 0,
        "iops_mean" : 0.000000,
        "iops_stddev" : 0.000000,
        "iops_samples" : 0
      },
      "write" : {
        "io_bytes" : 134688407552,
        "io_kbytes" : 131531648,
        "bw_bytes" : 4369595365,
        "bw" : 4267182,
        "iops" : 33337.366987,
        "runtime" : 30824,
        "total_ios" : 1027591,
        "short_ios" : 0,
        "drop_ios" : 0,
        "slat_ns" : {
          "min" : 0,
          "max" : 0,
          "mean" : 0.000000,
          "stddev" : 0.000000
        },
        "clat_ns" : {
          "min" : 33245,
          "max" : 8083260,
          "mean" : 40719.219053,
          "stddev" : 32319.714183
        },
        "lat_ns" : {
          "min" : 33254,
          "max" : 8083604,
          "mean" : 40735.782555,
          "stddev" : 32321.158320,
          "percentile" : {
            "1.000000" : 35584,
            "5.000000" : 36608,
            "10.000000" : 37120,
            "20.000000" : 37632,
            "30.000000" : 38144,
            "40.000000" : 38656,
            "50.000000" : 39168,
            "60.000000" : 39680,
            "70.000000" : 40192,
            "80.000000" : 41216,
            "90.000000" : 43264,
            "95.000000" : 48384,
            "99.000000" : 74240,
            "99.500000" : 80384,
            "99.900000" : 116224,
            "99.950000" : 128512,
            "99.990000" : 276480
          },
          "bins" : {
            "33024" : 1,
            "33536" : 11,
            "34048" : 70,
            "34560" : 653,
            "35072" : 3407,
            "35584" : 12131,
            "36096" : 30577,
            "36608" : 55842,
            "37120" : 81028,
            "37632" : 99054,
            "38144" : 107998,
            "38656" : 106952,
            "39168" : 97930,
            "39680" : 82174,
            "40192" : 67280,
            "40704" : 53167,
            "41216" : 41912,
            "41728" : 32002,
            "42240" : 24578,
            "42752" : 19019,
            "43264" : 14885,
            "43776" : 11679,
            "44288" : 9035,
            "44800" : 6864,
            "45312" : 5293,
            "45824" : 3873,
            "46336" : 3049,
            "46848" : 2337,
            "47360" : 1850,
            "47872" : 1512,
            "48384" : 1283,
            "48896" : 1138,
            "49408" : 976,
            "49920" : 942,
            "50432" : 889,
            "50944" : 904,
            "51456" : 900,
            "51968" : 882,
            "52480" : 987,
            "52992" : 961,
            "53504" : 997,
            "54016" : 1071,
            "54528" : 1135,
            "55040" : 1116,
            "55552" : 1103,
            "56064" : 1106,
            "56576" : 1020,
            "57088" : 975,
            "57600" : 845,
            "58112" : 782,
            "58624" : 635,
            "59136" : 541,
            "59648" : 454,
            "60160" : 405,
            "60672" : 337,
            "61184" : 373,
            "61696" : 390,
            "62208" : 482,
            "62720" : 638,
            "63232" : 816,
            "63744" : 955,
            "64256" : 1106,
            "64768" : 1252,
            "65280" : 1134,
            "66048" : 2078,
            "67072" : 1783,
            "68096" : 1494,
            "69120" : 1259,
            "70144" : 1186,
            "71168" : 1112,
            "72192" : 1111,
            "73216" : 1087,
            "74240" : 1033,
            "75264" : 999,
            "76288" : 917,
            "77312" : 815,
            "78336" : 756,
            "79360" : 693,
            "80384" : 604,
            "81408" : 553,
            "82432" : 453,
            "83456" : 386,
            "84480" : 294,
            "85504" : 225,
            "86528" : 165,
            "87552" : 124,
            "88576" : 108,
            "89600" : 84,
            "90624" : 56,
            "91648" : 32,
            "92672" : 32,
            "93696" : 29,
            "94720" : 25,
            "95744" : 13,
            "96768" : 14,
            "97792" : 22,
            "98816" : 25,
            "99840" : 26,
            "100864" : 38,
            "101888" : 40,
            "102912" : 36,
            "103936" : 59,
            "104960" : 53,
            "105984" : 76,
            "107008" : 96,
            "108032" : 106,
            "109056" : 89,
            "110080" : 89,
            "111104" : 109,
            "112128" : 101,
            "113152" : 101,
            "114176" : 100,
            "115200" : 84,
            "116224" : 106,
            "117248" : 81,
            "118272" : 63,
            "119296" : 55,
            "120320" : 53,
            "121344" : 46,
            "122368" : 42,
            "123392" : 40,
            "124416" : 40,
            "125440" : 34,
            "126464" : 33,
            "127488" : 16,
            "128512" : 11,
            "129536" : 19,
            "130560" : 12,
            "132096" : 22,
            "134144" : 17,
            "136192" : 14,
            "138240" : 5,
            "140288" : 8,
            "142336" : 12,
            "144384" : 3,
            "146432" : 9,
            "148480" : 1,
            "150528" : 3,
            "152576" : 1,
            "154624" : 2,
            "158720" : 4,
            "160768" : 3,
            "162816" : 4,
            "164864" : 2,
            "166912" : 1,
            "168960" : 2,
            "171008" : 2,
            "173056" : 1,
            "175104" : 1,
            "179200" : 2,
            "181248" : 4,
            "183296" : 2,
            "185344" : 2,
            "187392" : 9,
            "189440" : 8,
            "191488" : 3,
            "193536" : 8,
            "195584" : 3,
            "197632" : 3,
            "199680" : 6,
            "201728" : 7,