{
  "fio version" : "fio-3.16",
  "timestamp" : 1759932770,
  "timestamp_ms" : 1759932770776,
  "time" : "Wed Oct  8 23:12:50 2025",
  "global options" : {
    "bs" : "4k",
    "numjobs" : "1",
    "time_based" : "1",
    "runtime" : "30s",
    "randrepeat" : "1",
    "random_generator" : "lfsr",
    "randseed" : "1",
    "refill_buffers" : "1",
    "norandommap" : "1",
    "group_reporting" : "1",
    "lat_percentiles" : "1",
    "ioengine" : "psync",
    "direct" : "0",
    "iodepth" : "1",
    "group_reporting" : "1",
    "end_fsync" : "1",
    "directory" : "/mnt/test/"
  },
  "jobs" : [
    {
      "jobname" : "write",
      "groupid" : 0,
      "error" : 0,
      "eta" : 0,
      "elapsed" : 32,
      "job options" : {
        "rw" : "write"
      },
      "read" : {
        "io_bytes" : 0,
        "io_kbytes" : 0,
        "bw_bytes" : 0,
        "bw" : 0,
        "iops" : 0.000000,
        "runtime" : 0,
        "total_ios" : 0,
        "short_ios" : 0,
        "drop_ios" : 0,
        "slat_ns" : {
          "min" : 0,
          "max" : 0,
          "mean" : 0.000000,
          "stddev" : 0.000000
        },
        "clat_ns" : {
          "min" : 0,
          "max" : 0,
          "mean" : 0.000000,
          "stddev" : 0.000000
        },
        "lat_ns" : {
          "min" : 0,
          "max" : 0,
          "mean" : 0.000000,
          "stddev" : 0.000000,
          "percentile" : {
            "1.000000" : 0,
            "5.000000" : 0,
            "10.000000" : 0,
            "20.000000" : 0,
            "30.000000" : 0,
            "40.000000" : 0,
            "50.000000" : 0,
            "60.000000" : 0,
            "70.000000" : 0,
            "80.000000" : 0,
            "90.000000" : 0,
            "95.000000" : 0,
            "99.000000" : 0,
            "99.500000" : 0,
            "99.900000" : 0,
            "99.950000" : 0,
            "99.990000" : 0
          },
          "bins" : {

          }
        },
        "bw_min" : 0,
        "bw_max" : 0,
        "bw_agg" : 0.000000,
        "bw_mean" : 0.000000,
        "bw_dev" : 0.000000,
        "bw_samples" : 0,
        "iops_min" : 0,
        "iops_max" : 0,
        "iops_mean" : 0.000000,
        "iops_stddev" : 0.000000,
        "iops_samples" : 0
      },
      "write" : {
        "io_bytes" : 28553228288,
        "io_kbytes" : 27884012,
        "bw_bytes" : 916048389,
        "bw" : 894578,
        "iops" : 223644.626243,
        "runtime" : 31170,
        "total_ios" : 6971003,
        "short_ios" : 0,
        "drop_ios" : 0,
        "slat_ns" : {
          "min" : 0,
          "max" : 0,
          "mean" : 0.000000,
          "stddev" : 0.000000
        },
        "clat_ns" : {
          "min" : 3113,
          "max" : 461389,
          "mean" : 3667.603102,
          "stddev" : 1060.528673
        },
        "lat_ns" : {
          "min" : 3120,
          "max" : 461399,
          "mean" : 3675.947270,
          "stddev" : 1060.723671,
          "percentile" : {
            "1.000000" : 3280,
            "5.000000" : 3312,
            "10.000000" : 3344,
            "20.000000" : 3376,
            "30.000000" : 3408,
            "40.000000" : 3440,
            "50.000000" : 3472,
            "60.000000" : 3536,
            "70.000000" : 3664,
            "80.000000" : 3856,
            "90.000000" : 4080,
            "95.000000" : 4384,
            "99.000000" : 5600,
            "99.500000" : 5984,
            "99.900000" : 27264,
            "99.950000" : 28800,
            "99.990000" : 34560
          },
          "bins" : {
            "3120" : 9,
            "3152" : 229,
            "3184" : 2171,
            "3216" : 9890,
            "3248" : 35311,
            "3280" : 108304,
            "3312" : 246498,
            "3344" : 436276,
            "3376" : 621953,
            "3408" : 727837,
            "3440" : 713732,
            "3472" : 602396,
            "3504" : 448963,
            "3536" : 313437,
            "3568" : 220087,
            "3600" : 165344,
            "3632" : 141059,
            "3664" : 128157,
            "3696" : 121054,
            "3728" : 114352,
            "3760" : 110934,
            "3792" : 111659,
            "3824" : 115703,
            "3856" : 123738,
            "3888" : 127530,
            "3920" : 123577,
            "3952" : 114512,
            "3984" : 101323,
            "4016" : 86494,
            "4048" : 73796,
            "4080" : 62661,
            "4128" : 101845,
            "4192" : 78949,
            "4256" : 61339,
            "4320" : 47261,
            "4384" : 36189,
            "4448" : 28205,
            "4512" : 21623,
            "4576" : 17966,
            "4640" : 16405,
            "4704" : 15916,
            "4768" : 15797,
            "4832" : 15691,
            "4896" : 14873,
            "4960" : 13989,
            "5024" : 13323,
            "5088" : 12816,
            "5152" : 12455,
            "5216" : 12110,
            "5280" : 11755,
            "5344" : 11095,
            "5408" : 10149,
            "5472" : 9184,
            "5536" : 8592,
            "5600" : 7849,
            "5664" : 7038,
            "5728" : 6210,
            "5792" : 5748,
            "5856" : 4955,
            "5920" : 4390,
            "5984" : 3653,
            "6048" : 3181,
            "6112" : 2838,
            "6176" : 2438,
            "6240" : 2138,
            "6304" : 1911,
            "6368" : 1616,
            "6432" : 1443,
            "6496" : 1253,
            "6560" : 1043,
            "6624" : 933,
            "6688" : 873,
            "6752" : 814,
            "6816" : 703,
            "6880" : 623,
            "6944" : 462,
            "7008" : 362,
            "7072" : 315,
            "7136" : 277,
            "7200" : 234,
            "7264" : 214,
            "7328" : 192,
            "7392" : 158,
            "7456" : 170,
            "7520" : 143,
            "7584" : 151,
            "7648" : 121,
            "7712" : 125,
            "7776" : 90,
            "7840" : 82,
            "7904" : 85,
            "7968" : 85,
            "8032" : 78,
            "8096" : 69,
            "8160" : 52,
            "8256" : 123,
            "8384" : 104,
            "8512" : 90,
            "8640" : 85,
            "8768" : 76,
            "8896" : 65,
            "9024" : 65,
            "9152" : 51,
            "9280" : 48,
            "9408" : 31,
            "9536" : 40,
            "9664" : 27,
            "9792" : 37,
            "9920" : 39,
            "10048" : 59,
            "10176" : 60,
            "10304" : 55,
            "10432" : 44,
            "10560" : 38,
            "10688" : 22,
            "10816" : 26,
            "10944" : 21,
            "11072" : 14,
            "11200" : 10,
            "11328" : 7,
            "11456" : 3,
            "11584" : 7,
            "11712" : 3,
            "11840" : 5,
            "11968" : 10,
            "12096" : 6,
            "12224" : 8,
            "12352" : 7,
            "12480" : 12,
            "12608" : 10,
            "12736" : 10,
            "12864" : 6,
            "12992" : 6,
            "13120" : 6,
            "13248" : 5,
            "13376" : 2,
            "13504" : 6,
            "13632" : 6,
            "13760" : 6,
            "13888" : 4,
            "14016" : 3,
            "14144" : 3,
            "14272" : 2,
            "14400" : 2,
            "14528" : 2,
            "14656" : 3,
            "14784" : 4,
            "15040" : 7,
            "15168" : 4,
            "15296" : 2,
            "15424" : 8,
            "15552" : 8,
            "15680" : 2,
            "15808" : 5,
            "15936" : 5,
            "16064" : 4,
            "16192" : 6,
            "16320" : 11,
            "16512" : 15,
            "16768" : 9,
            "17024" : 5,
            "17280" : 1,
            "17536" : 3,
            "17792" : 4,
            "18048" : 5,
            "18304" : 2,
            "18560" : 4,