{
  "fio version" : "fio-3.16",
  "timestamp" : 1759933064,
  "timestamp_ms" : 1759933064618,
  "time" : "Wed Oct  8 23:17:44 2025",
  "global options" : {
    "bs" : "128k",
    "numjobs" : "2",
    "time_based" : "1",
    "runtime" : "30s",
    "randrepeat" : "1",
    "random_generator" : "lfsr",
    "randseed" : "1",
    "refill_buffers" : "1",
    "norandommap" : "1",
    "group_reporting" : "1",
    "lat_percentiles" : "1",
    "ioengine" : "psync",
    "direct" : "0",
    "iodepth" : "1",
    "group_reporting" : "1",
    "end_fsync" : "1",
    "directory" : "/mnt/test/"
  },
  "jobs" : [
    {
      "jobname" : "write",
      "groupid" : 0,
      "error" : 0,
      "eta" : 0,
      "elapsed" : 31,
      "job options" : {
        "rw" : "write"
      },
      "read" : {
        "io_bytes" : 0,
        "io_kbytes" : 0,
        "bw_bytes" : 0,
        "bw" : 0,
        "iops" : 0.000000,
        "runtime" : 0,
        "total_ios" : 0,
        "short_ios" : 0,
        "drop_ios" : 0,
        "slat_ns" : {
          "min" : 0,
          "max" : 0,
          "mean" : 0.000000,
          "stddev" : 0.000000
        },
        "clat_ns" : {
          "min" : 0,
          "max" : 0,
          "mean" : 0.000000,
          "stddev" : 0.000000
        },
        "lat_ns" : {
          "min" : 0,
          "max" : 0,
          "mean" : 0.000000,
          "stddev" : 0.000000,
          "percentile" : {
            "1.000000" : 0,
            "5.000000" : 0,
            "10.000000" : 0,
            "20.000000" : 0,
            "30.000000" : 0,
            "40.000000" : 0,
            "50.000000" : 0,
            "60.000000" : 0,
            "70.000000" : 0,
            "80.000000" : 0,
            "90.000000" : 0,
            "95.000000" : 0,
            "99.000000" : 0,
            "99.500000" : 0,
            "99.900000" : 0,
            "99.950000" : 0,
            "99.990000" : 0
          },
          "bins" : {

          }
        },
        "bw_min" : 0,
        "bw_max" : 0,
        "bw_agg" : 0.000000,
        "bw_mean" : 0.000000,
        "bw_dev" : 0.000000,
        "bw_samples" : 0,
        "iops_min" : 0,
        "iops_max" : 0,
        "iops_mean" : 0.000000,
        "iops_stddev" : 0.000000,
        "iops_samples" : 0
      },
      "write" : {
        "io_bytes" : 139488919552,
        "io_kbytes" : 136219648,
        "bw_bytes" : 4524013866,
        "bw" : 4417982,
        "iops" : 34515.486654,
        "runtime" : 30833,
        "total_ios" : 1064216,
        "short_ios" : 0,
        "drop_ios" : 0,
        "slat_ns" : {
          "min" : 0,
          "max" : 0,
          "mean" : 0.000000,
          "stddev" : 0.000000
        },
        "clat_ns" : {
          "min" : 32346,
          "max" : 8388712,
          "mean" : 39120.527042,
          "stddev" : 34907.321787
        },
        "lat_ns" : {
          "min" : 32363,
          "max" : 8390206,
          "mean" : 39137.729841,
          "stddev" : 34909.058085,
          "percentile" : {
            "1.000000" : 35072,
            "5.000000" : 35584,
            "10.000000" : 36096,
            "20.000000" : 36608,
            "30.000000" : 37120,
            "40.000000" : 37120,
            "50.000000" : 37632,
            "60.000000" : 38144,
            "70.000000" : 38656,
            "80.000000" : 39168,
            "90.000000" : 41216,
            "95.000000" : 44288,
            "99.000000" : 71168,
            "99.500000" : 78336,
            "99.900000" : 89600,
            "99.950000" : 97792,
            "99.990000" : 317440
          },
          "bins" : {
            "32384" : 2,
            "33024" : 24,
            "33536" : 248,
            "34048" : 1687,
            "34560" : 7680,
            "35072" : 23610,
            "35584" : 52799,
            "36096" : 90189,
            "36608" : 123253,
            "37120" : 141466,
            "37632" : 137867,
            "38144" : 118495,
            "38656" : 91240,
            "39168" : 65682,
            "39680" : 45701,
            "40192" : 32045,
            "40704" : 23359,
            "41216" : 16682,
            "41728" : 11691,
            "42240" : 8537,
            "42752" : 6887,
            "43264" : 6179,
            "43776" : 5423,
            "44288" : 4341,
            "44800" : 3316,
            "45312" : 2413,
            "45824" : 1741,
            "46336" : 1307,
            "46848" : 930,
            "47360" : 812,
            "47872" : 722,
            "48384" : 638,
            "48896" : 517,
            "49408" : 495,
            "49920" : 490,
            "50432" : 565,
            "50944" : 698,
            "51456" : 911,
            "51968" : 1061,
            "52480" : 1241,
            "52992" : 1312,
            "53504" : 1315,
            "54016" : 1132,
            "54528" : 913,
            "55040" : 772,
            "55552" : 601,
            "56064" : 469,
            "56576" : 415,
            "57088" : 346,
            "57600" : 353,
            "58112" : 338,
            "58624" : 347,
            "59136" : 327,
            "59648" : 344,
            "60160" : 285,
            "60672" : 334,
            "61184" : 325,
            "61696" : 431,
            "62208" : 558,
            "62720" : 676,
            "63232" : 689,
            "63744" : 735,
            "64256" : 754,
            "64768" : 760,
            "65280" : 701,
            "66048" : 1240,
            "67072" : 1053,
            "68096" : 903,
            "69120" : 826,
            "70144" : 716,
            "71168" : 730,
            "72192" : 755,
            "73216" : 751,
            "74240" : 788,
            "75264" : 871,
            "76288" : 822,
            "77312" : 778,
            "78336" : 710,
            "79360" : 634,
            "80384" : 577,
            "81408" : 462,
            "82432" : 412,
            "83456" : 414,
            "84480" : 378,
            "85504" : 349,
            "86528" : 284,
            "87552" : 261,
            "88576" : 215,
            "89600" : 156,
            "90624" : 103,
            "91648" : 99,
            "92672" : 74,
            "93696" : 47,
            "94720" : 37,
            "95744" : 29,
            "96768" : 31,
            "97792" : 20,
            "98816" : 20,
            "99840" : 25,
            "100864" : 19,
            "101888" : 15,
            "102912" : 11,
            "103936" : 10,
            "104960" : 12,
            "105984" : 13,
            "107008" : 14,
            "108032" : 16,
            "109056" : 22,
            "110080" : 18,
            "111104" : 10,
            "112128" : 13,
            "113152" : 7,
            "114176" : 7,
            "115200" : 6,
            "116224" : 1,
            "117248" : 4,
            "118272" : 5,
            "119296" : 3,
            "120320" : 4,
            "121344" : 7,
            "122368" : 3,
            "123392" : 2,
            "124416" : 5,
            "125440" : 2,
            "126464" : 4,
            "127488" : 4,
            "128512" : 4,
            "129536" : 3,
            "130560" : 1,
            "132096" : 6,
            "134144" : 6,
            "136192" : 5,
            "138240" : 3,
            "140288" : 6,
            "142336" : 4,
            "144384" : 5,
            "146432" : 3,
            "148480" : 3,
            "150528" : 1,
            "152576" : 1,
            "154624" : 3,
            "156672" : 3,
            "160768" : 3,
            "164864" : 1,
            "166912" : 2,
            "171008" : 2,
            "179200" : 1,
            "181248" : 3,
            "199680" : 1,
            "214016" : 2,
            "216064" : 1,
            "224256" : 3,
            "226304" : 7,
            "228352" : 3,
            "230400" : 6,
            "232448" : 7,
            "234496" : 1,
            "236544" : 2,
            "238592" : 7,
            "240640" : 2,
            "244736" : 2,
            "246784" : 3,
            "248832" : 1,