{
  "fio version" : "fio-3.16",
  "timestamp" : 1759933023,
  "timestamp_ms" : 1759933023177,
  "time" : "Wed Oct  8 23:17:03 2025",
  "global options" : {
    "bs" : "128k",
    "numjobs" : "1",
    "time_based" : "1",
    "runtime" : "30s",
    "randrepeat" : "1",
    "random_generator" : "lfsr",
    "randseed" : "1",
    "refill_buffers" : "1",
    "norandommap" : "1",
    "group_reporting" : "1",
    "lat_percentiles" : "1",
    "ioengine" : "psync",
    "direct" : "0",
    "iodepth" : "1",
    "group_reporting" : "1",
    "end_fsync" : "1",
    "directory" : "/mnt/test/"
  },
  "jobs" : [
    {
      "jobname" : "write",
      "groupid" : 0,
      "error" : 0,
      "eta" : 0,
      "elapsed" : 31,
      "job options" : {
        "rw" : "write"
      },
      "read" : {
        "io_bytes" : 0,
        "io_kbytes" : 0,
        "bw_bytes" : 0,
        "bw" : 0,
        "iops" : 0.000000,
        "runtime" : 0,
        "total_ios" : 0,
        "short_ios" : 0,
        "drop_ios" : 0,
        "slat_ns" : {
          "min" : 0,
          "max" : 0,
          "mean" : 0.000000,
          "stddev" : 0.000000
        },
        "clat_ns" : {
          "min" : 0,
          "max" : 0,
          "mean" : 0.000000,
          "stddev" : 0.000000
        },
        "lat_ns" : {
          "min" : 0,
          "max" : 0,
          "mean" : 0.000000,
          "stddev" : 0.000000,
          "percentile" : {
            "1.000000" : 0,
            "5.000000" : 0,
            "10.000000" : 0,
            "20.000000" : 0,
            "30.000000" : 0,
            "40.000000" : 0,
            "50.000000" : 0,
            "60.000000" : 0,
            "70.000000" : 0,
            "80.000000" : 0,
            "90.000000" : 0,
            "95.000000" : 0,
            "99.000000" : 0,
            "99.500000" : 0,
            "99.900000" : 0,
            "99.950000" : 0,
            "99.990000" : 0
          },
          "bins" : {

          }
        },
        "bw_min" : 0,
        "bw_max" : 0,
        "bw_agg" : 0.000000,
        "bw_mean" : 0.000000,
        "bw_dev" : 0.000000,
        "bw_samples" : 0,
        "iops_min" : 0,
        "iops_max" : 0,
        "iops_mean" : 0.000000,
        "iops_stddev" : 0.000000,
        "iops_samples" : 0
      },
      "write" : {
        "io_bytes" : 74646683648,
        "io_kbytes" : 72897152,
        "bw_bytes" : 2452739818,
        "bw" : 2395253,
        "iops" : 18712.919761,
        "runtime" : 30434,
        "total_ios" : 569509,
        "short_ios" : 0,
        "drop_ios" : 0,
        "slat_ns" : {
          "min" : 0,
          "max" : 0,
          "mean" : 0.000000,
          "stddev" : 0.000000
        },
        "clat_ns" : {
          "min" : 31201,
          "max" : 4061433,
          "mean" : 35839.134551,
          "stddev" : 12751.578048
        },
        "lat_ns" : {
          "min" : 31209,
          "max" : 4061441,
          "mean" : 35853.912623,
          "stddev" : 12752.372122,
          "percentile" : {
            "1.000000" : 32640,
            "5.000000" : 33024,
            "10.000000" : 33536,
            "20.000000" : 34048,
            "30.000000" : 34560,
            "40.000000" : 34560,
            "50.000000" : 35072,
            "60.000000" : 35584,
            "70.000000" : 36096,
            "80.000000" : 36608,
            "90.000000" : 38144,
            "95.000000" : 39680,
            "99.000000" : 58112,
            "99.500000" : 61184,
            "99.900000" : 66048,
            "99.950000" : 70144,
            "99.990000" : 158720
          },
          "bins" : {
            "31104" : 1,
            "31360" : 6,
            "31616" : 39,
            "31872" : 215,
            "32128" : 918,
            "32384" : 2545,
            "32640" : 5904,
            "33024" : 27593,
            "33536" : 54176,
            "34048" : 77805,
            "34560" : 86690,
            "35072" : 79886,
            "35584" : 62409,
            "36096" : 45154,
            "36608" : 31403,
            "37120" : 22064,
            "37632" : 15130,
            "38144" : 10628,
            "38656" : 8020,
            "39168" : 6237,
            "39680" : 4950,
            "40192" : 3670,
            "40704" : 3016,
            "41216" : 2195,
            "41728" : 1667,
            "42240" : 1174,
            "42752" : 786,
            "43264" : 545,
            "43776" : 412,
            "44288" : 290,
            "44800" : 163,
            "45312" : 130,
            "45824" : 122,
            "46336" : 107,
            "46848" : 145,
            "47360" : 198,
            "47872" : 263,
            "48384" : 321,
            "48896" : 375,
            "49408" : 406,
            "49920" : 482,
            "50432" : 462,
            "50944" : 462,
            "51456" : 423,
            "51968" : 442,
            "52480" : 422,
            "52992" : 347,
            "53504" : 288,
            "54016" : 294,
            "54528" : 292,
            "55040" : 283,
            "55552" : 308,
            "56064" : 331,
            "56576" : 349,
            "57088" : 323,
            "57600" : 332,
            "58112" : 343,
            "58624" : 336,
            "59136" : 389,
            "59648" : 459,
            "60160" : 557,
            "60672" : 601,
            "61184" : 561,
            "61696" : 491,
            "62208" : 424,
            "62720" : 342,
            "63232" : 277,
            "63744" : 196,
            "64256" : 153,
            "64768" : 122,
            "65280" : 82,
            "66048" : 146,
            "67072" : 70,
            "68096" : 37,
            "69120" : 31,
            "70144" : 16,
            "71168" : 15,
            "72192" : 9,
            "73216" : 18,
            "74240" : 20,
            "75264" : 24,
            "76288" : 10,
            "77312" : 10,
            "78336" : 14,
            "79360" : 8,
            "80384" : 5,
            "81408" : 10,
            "82432" : 12,
            "83456" : 8,
            "84480" : 4,
            "85504" : 5,
            "86528" : 4,
            "87552" : 4,
            "88576" : 3,
            "89600" : 5,
            "90624" : 1,
            "91648" : 3,
            "92672" : 4,
            "94720" : 1,
            "95744" : 4,
            "97792" : 1,
            "98816" : 1,
            "99840" : 1,
            "100864" : 1,
            "102912" : 2,
            "103936" : 1,
            "104960" : 1,
            "110080" : 1,
            "113152" : 1,
            "117248" : 1,
            "122368" : 1,
            "130560" : 1,
            "146432" : 3,
            "148480" : 1,
            "152576" : 2,
            "156672" : 1,
            "158720" : 1,
            "160768" : 1,
            "164864" : 2,
            "168960" : 1,
            "175104" : 1,
            "177152" : 1,
            "218112" : 1,
            "234496" : 2,
            "236544" : 5,
            "238592" : 2,
            "240640" : 1,
            "242688" : 2,
            "244736" : 2,
            "250880" : 1,
            "276480" : 1,
            "280576" : 1,
            "284672" : 1,
            "288768" : 1,
            "329728" : 1,
            "333824" : 1,
            "374784" : 1,
            "378880" : 2,
            "382976" : 1,
            "411648" : 2,
            "419840" : 1,
            "423936" : 1,
            "428032" : 1,
            "432128" : 1,
            "436224" : 1,
            "440320" : 1,
            "456704" : 1,
            "460800" : 1,
            "464896" : 1,
            "473088" : 1,
            "477184" : 2,
            "481280" : 1,
            "489472" : 1,
            "497664" : 2,
            "536576" : 1,
            "3981312" : 1,
            "4014080" : 3,
            "4046848" : 1
          }
        },
        "bw_min" : 1881344,
        "bw_max" : 2484480,
        "bw_agg" : 100.000000,
        "bw_mean" : 2428871.745763,
        "bw_dev" : 97587.554775,
        "bw_samples" : 59,