{
  "fio version" : "fio-3.16",
  "timestamp" : 1759925962,
  "timestamp_ms" : 1759925962512,
  "time" : "Wed Oct  8 21:19:22 2025",
  "global options" : {
    "bs" : "4k",
    "numjobs" : "2",
    "time_based" : "1",
    "runtime" : "30s",
    "randrepeat" : "1",
    "random_generator" : "lfsr",
    "randseed" : "1",
    "refill_buffers" : "1",
    "norandommap" : "1",
    "group_reporting" : "1",
    "lat_percentiles" : "1",
    "ioengine" : "psync",
    "direct" : "0",
    "iodepth" : "1",
    "group_reporting" : "1",
    "end_fsync" : "1",
    "directory" : "/mnt/test/"
  },
  "jobs" : [
    {
      "jobname" : "randwrite",
      "groupid" : 0,
      "error" : 0,
      "eta" : 0,
      "elapsed" : 31,
      "job options" : {
        "rw" : "randwrite"
      },
      "read" : {
        "io_bytes" : 0,
        "io_kbytes" : 0,
        "bw_bytes" : 0,
        "bw" : 0,
        "iops" : 0.000000,
        "runtime" : 0,
        "total_ios" : 0,
        "short_ios" : 0,
        "drop_ios" : 0,
        "slat_ns" : {
          "min" : 0,
          "max" : 0,
          "mean" : 0.000000,
          "stddev" : 0.000000
        },
        "clat_ns" : {
          "min" : 0,
          "max" : 0,
          "mean" : 0.000000,
          "stddev" : 0.000000
        },
        "lat_ns" : {
          "min" : 0,
          "max" : 0,
          "mean" : 0.000000,
          "stddev" : 0.000000,
          "percentile" : {
            "1.000000" : 0,
            "5.000000" : 0,
            "10.000000" : 0,
            "20.000000" : 0,
            "30.000000" : 0,
            "40.000000" : 0,
            "50.000000" : 0,
            "60.000000" : 0,
            "70.000000" : 0,
            "80.000000" : 0,
            "90.000000" : 0,
            "95.000000" : 0,
            "99.000000" : 0,
            "99.500000" : 0,
            "99.900000" : 0,
            "99.950000" : 0,
            "99.990000" : 0
          },
          "bins" : {

          }
        },
        "bw_min" : 0,
        "bw_max" : 0,
        "bw_agg" : 0.000000,
        "bw_mean" : 0.000000,
        "bw_dev" : 0.000000,
        "bw_samples" : 0,
        "iops_min" : 0,
        "iops_max" : 0,
        "iops_mean" : 0.000000,
        "iops_stddev" : 0.000000,
        "iops_samples" : 0
      },
      "write" : {
        "io_bytes" : 30883667968,
        "io_kbytes" : 30159832,
        "bw_bytes" : 1001545854,
        "bw" : 978072,
        "iops" : 244518.030873,
        "runtime" : 30836,
        "total_ios" : 7539958,
        "short_ios" : 0,
        "drop_ios" : 0,
        "slat_ns" : {
          "min" : 0,
          "max" : 0,
          "mean" : 0.000000,
          "stddev" : 0.000000
        },
        "clat_ns" : {
          "min" : 3747,
          "max" : 1221732,
          "mean" : 6791.237053,
          "stddev" : 1717.740482
        },
        "lat_ns" : {
          "min" : 3755,
          "max" : 1223229,
          "mean" : 6821.759533,
          "stddev" : 1726.131424,
          "percentile" : {
            "1.000000" : 4256,
            "5.000000" : 4640,
            "10.000000" : 5152,
            "20.000000" : 5664,
            "30.000000" : 6176,
            "40.000000" : 6880,
            "50.000000" : 7136,
            "60.000000" : 7328,
            "70.000000" : 7456,
            "80.000000" : 7648,
            "90.000000" : 7968,
            "95.000000" : 8256,
            "99.000000" : 9024,
            "99.500000" : 9408,
            "99.900000" : 17280,
            "99.950000" : 30592,
            "99.990000" : 43776
          },
          "bins" : {
            "3760" : 11,
            "3792" : 33,
            "3824" : 63,
            "3856" : 171,
            "3888" : 360,
            "3920" : 685,
            "3952" : 1246,
            "3984" : 1843,
            "4016" : 2860,
            "4048" : 3988,
            "4080" : 5262,
            "4128" : 14995,
            "4192" : 22835,
            "4256" : 31352,
            "4320" : 40287,
            "4384" : 48426,
            "4448" : 53558,
            "4512" : 54665,
            "4576" : 53737,
            "4640" : 53227,
            "4704" : 52036,
            "4768" : 51559,
            "4832" : 50978,
            "4896" : 49207,
            "4960" : 46526,
            "5024" : 44145,
            "5088" : 43281,
            "5152" : 46357,
            "5216" : 55718,
            "5280" : 72118,
            "5344" : 95063,
            "5408" : 115650,
            "5472" : 130075,
            "5536" : 133906,
            "5600" : 128909,
            "5664" : 120423,
            "5728" : 111228,
            "5792" : 102126,
            "5856" : 94145,
            "5920" : 86259,
            "5984" : 78293,
            "6048" : 70847,
            "6112" : 64572,
            "6176" : 59581,
            "6240" : 55450,
            "6304" : 53042,
            "6368" : 51013,
            "6432" : 50573,
            "6496" : 52328,
            "6560" : 57661,
            "6624" : 69431,
            "6688" : 86907,
            "6752" : 108148,
            "6816" : 128365,
            "6880" : 144584,
            "6944" : 155538,
            "7008" : 165075,
            "7072" : 178552,
            "7136" : 202878,
            "7200" : 237625,
            "7264" : 277013,
            "7328" : 310995,
            "7392" : 327614,
            "7456" : 322575,
            "7520" : 298186,
            "7584" : 263307,
            "7648" : 225449,
            "7712" : 190367,
            "7776" : 161805,
            "7840" : 139637,
            "7904" : 122958,
            "7968" : 109336,
            "8032" : 97514,
            "8096" : 85595,
            "8160" : 74384,
            "8256" : 116469,
            "8384" : 80985,
            "8512" : 57037,
            "8640" : 43068,
            "8768" : 33099,
            "8896" : 25714,
            "9024" : 19465,
            "9152" : 13994,
            "9280" : 9967,
            "9408" : 6872,
            "9536" : 5020,
            "9664" : 3723,
            "9792" : 2801,
            "9920" : 2295,
            "10048" : 1919,
            "10176" : 1610,
            "10304" : 1332,
            "10432" : 1160,
            "10560" : 985,
            "10688" : 812,
            "10816" : 677,
            "10944" : 600,
            "11072" : 470,
            "11200" : 400,
            "11328" : 377,
            "11456" : 283,
            "11584" : 284,
            "11712" : 244,
            "11840" : 239,
            "11968" : 225,
            "12096" : 209,
            "12224" : 191,
            "12352" : 178,
            "12480" : 185,
            "12608" : 175,
            "12736" : 156,
            "12864" : 124,
            "12992" : 117,
            "13120" : 128,
            "13248" : 118,
            "13376" : 124,
            "13504" : 113,
            "13632" : 87,
            "13760" : 105,
            "13888" : 105,
            "14016" : 99,
            "14144" : 88,
            "14272" : 91,
            "14400" : 92,
            "14528" : 77,
            "14656" : 67,
            "14784" : 78,
            "14912" : 86,
            "15040" : 70,
            "15168" : 76,
            "15296" : 71,
            "15424" : 77,
            "15552" : 59,
            "15680" : 70,
            "15808" : 60,
            "15936" : 55,
            "16064" : 46,
            "16192" : 55,
            "16320" : 52,
            "16512" : 111,
            "16768" : 81,
            "17024" : 97,
            "17280" : 73,
            "17536" : 73,
            "17792" : 68,
            "18048" : 80,
            "18304" : 73,
            "18560" : 59,
            "18816" : 61,
            "19072" : 49,
            "19328" : 46,
            "19584" : 39,
            "19840" : 46,
            "20096" : 50,
            "20352" : 40,
            "20608" : 47,
            "20864" : 49,
            "21120" : 56,
            "21376" : 38,
            "21632" : 41,
            "21888" : 30,