{
  "fio version" : "fio-3.16",
  "timestamp" : 1759926193,
  "timestamp_ms" : 1759926193388,
  "time" : "Wed Oct  8 21:23:13 2025",
  "global options" : {
    "bs" : "128k",
    "numjobs" : "2",
    "time_based" : "1",
    "runtime" : "30s",
    "randrepeat" : "1",
    "random_generator" : "lfsr",
    "randseed" : "1",
    "refill_buffers" : "1",
    "norandommap" : "1",
    "group_reporting" : "1",
    "lat_percentiles" : "1",
    "ioengine" : "psync",
    "direct" : "0",
    "iodepth" : "1",
    "group_reporting" : "1",
    "end_fsync" : "1",
    "directory" : "/mnt/test/"
  },
  "jobs" : [
    {
      "jobname" : "randwrite",
      "groupid" : 0,
      "error" : 0,
      "eta" : 0,
      "elapsed" : 31,
      "job options" : {
        "rw" : "randwrite"
      },
      "read" : {
        "io_bytes" : 0,
        "io_kbytes" : 0,
        "bw_bytes" : 0,
        "bw" : 0,
        "iops" : 0.000000,
        "runtime" : 0,
        "total_ios" : 0,
        "short_ios" : 0,
        "drop_ios" : 0,
        "slat_ns" : {
          "min" : 0,
          "max" : 0,
          "mean" : 0.000000,
          "stddev" : 0.000000
        },
        "clat_ns" : {
          "min" : 0,
          "max" : 0,
          "mean" : 0.000000,
          "stddev" : 0.000000
        },
        "lat_ns" : {
          "min" : 0,
          "max" : 0,
          "mean" : 0.000000,
          "stddev" : 0.000000,
          "percentile" : {
            "1.000000" : 0,
            "5.000000" : 0,
            "10.000000" : 0,
            "20.000000" : 0,
            "30.000000" : 0,
            "40.000000" : 0,
            "50.000000" : 0,
            "60.000000" : 0,
            "70.000000" : 0,
            "80.000000" : 0,
            "90.000000" : 0,
            "95.000000" : 0,
            "99.000000" : 0,
            "99.500000" : 0,
            "99.900000" : 0,
            "99.950000" : 0,
            "99.990000" : 0
          },
          "bins" : {

          }
        },
        "bw_min" : 0,
        "bw_max" : 0,
        "bw_agg" : 0.000000,
        "bw_mean" : 0.000000,
        "bw_dev" : 0.000000,
        "bw_samples" : 0,
        "iops_min" : 0,
        "iops_max" : 0,
        "iops_mean" : 0.000000,
        "iops_stddev" : 0.000000,
        "iops_samples" : 0
      },
      "write" : {
        "io_bytes" : 112351772672,
        "io_kbytes" : 109718528,
        "bw_bytes" : 3641636609,
        "bw" : 3556285,
        "iops" : 27783.482432,
        "runtime" : 30852,
        "total_ios" : 857176,
        "short_ios" : 0,
        "drop_ios" : 0,
        "slat_ns" : {
          "min" : 0,
          "max" : 0,
          "mean" : 0.000000,
          "stddev" : 0.000000
        },
        "clat_ns" : {
          "min" : 34831,
          "max" : 8488060,
          "mean" : 46927.806733,
          "stddev" : 20093.733683
        },
        "lat_ns" : {
          "min" : 34841,
          "max" : 8489628,
          "mean" : 46963.912110,
          "stddev" : 20100.088323,
          "percentile" : {
            "1.000000" : 39680,
            "5.000000" : 40704,
            "10.000000" : 41216,
            "20.000000" : 42240,
            "30.000000" : 42752,
            "40.000000" : 43776,
            "50.000000" : 44800,
            "60.000000" : 47360,
            "70.000000" : 49920,
            "80.000000" : 51456,
            "90.000000" : 52992,
            "95.000000" : 55040,
            "99.000000" : 62720,
            "99.500000" : 70144,
            "99.900000" : 112128,
            "99.950000" : 203776,
            "99.990000" : 403456
          },
          "bins" : {
            "35072" : 3,
            "35584" : 2,
            "36096" : 12,
            "36608" : 39,
            "37120" : 105,
            "37632" : 194,
            "38144" : 504,
            "38656" : 1436,
            "39168" : 3729,
            "39680" : 8841,
            "40192" : 17448,
            "40704" : 29107,
            "41216" : 41661,
            "41728" : 51474,
            "42240" : 57432,
            "42752" : 57176,
            "43264" : 52110,
            "43776" : 45324,
            "44288" : 37577,
            "44800" : 30779,
            "45312" : 24638,
            "45824" : 19097,
            "46336" : 14904,
            "46848" : 11812,
            "47360" : 10519,
            "47872" : 10911,
            "48384" : 13376,
            "48896" : 17680,
            "49408" : 23071,
            "49920" : 27127,
            "50432" : 29909,
            "50944" : 31562,
            "51456" : 31278,
            "51968" : 27675,
            "52480" : 24355,
            "52992" : 20699,
            "53504" : 16499,
            "54016" : 12740,
            "54528" : 9795,
            "55040" : 7217,
            "55552" : 5471,
            "56064" : 4176,
            "56576" : 3299,
            "57088" : 2720,
            "57600" : 2288,
            "58112" : 2045,
            "58624" : 1773,
            "59136" : 1607,
            "59648" : 1365,
            "60160" : 1142,
            "60672" : 863,
            "61184" : 768,
            "61696" : 627,
            "62208" : 516,
            "62720" : 397,
            "63232" : 391,
            "63744" : 316,
            "64256" : 297,
            "64768" : 230,
            "65280" : 243,
            "66048" : 417,
            "67072" : 442,
            "68096" : 540,
            "69120" : 617,
            "70144" : 596,
            "71168" : 462,
            "72192" : 337,
            "73216" : 267,
            "74240" : 192,
            "75264" : 160,
            "76288" : 117,
            "77312" : 117,
            "78336" : 90,
            "79360" : 95,
            "80384" : 75,
            "81408" : 67,
            "82432" : 50,
            "83456" : 52,
            "84480" : 54,
            "85504" : 52,
            "86528" : 40,
            "87552" : 46,
            "88576" : 56,
            "89600" : 58,
            "90624" : 75,
            "91648" : 70,
            "92672" : 64,
            "93696" : 67,
            "94720" : 68,
            "95744" : 77,
            "96768" : 75,
            "97792" : 54,
            "98816" : 57,
            "99840" : 42,
            "100864" : 38,
            "101888" : 47,
            "102912" : 35,
            "103936" : 36,
            "104960" : 33,
            "105984" : 25,
            "107008" : 19,
            "108032" : 19,
            "109056" : 16,
            "110080" : 19,
            "111104" : 17,
            "112128" : 17,
            "113152" : 16,
            "114176" : 19,
            "115200" : 16,
            "116224" : 14,
            "117248" : 19,
            "118272" : 15,
            "119296" : 12,
            "120320" : 9,
            "121344" : 6,
            "122368" : 10,
            "123392" : 9,
            "124416" : 8,
            "125440" : 6,
            "126464" : 7,
            "127488" : 11,
            "128512" : 4,
            "129536" : 4,
            "130560" : 10,
            "132096" : 12,
            "134144" : 10,
            "136192" : 13,
            "138240" : 9,
            "140288" : 6,
            "142336" : 10,
            "144384" : 9,
            "146432" : 8,
            "148480" : 7,
            "150528" : 3,
            "152576" : 5,
            "154624" : 5,
            "156672" : 15,
            "158720" : 5,
            "160768" : 7,
            "162816" : 4,
            "164864" : 7,
            "166912" : 6,
            "168960" : 2,
            "171008" : 8,
            "173056" : 8,
            "175104" : 4,
            "177152" : 2,
            "179200" : 6,
            "181248" : 2,
            "183296" : 5,
            "185344" : 5,
            "187392" : 6,
            "189440" : 4,
            "191488" : 2,
            "193536" : 7,
            "195584" : 6,
            "197632" : 10,
            "199680" : 2,
            "201728" : 7,
            "203776" : 8,
            "205824" : 4,
            "207872" : 2,