{
  "fio version" : "fio-3.16",
  "timestamp" : 1759926228,
  "timestamp_ms" : 1759926228405,
  "time" : "Wed Oct  8 21:23:48 2025",
  "global options" : {
    "bs" : "128k",
    "numjobs" : "4",
    "time_based" : "1",
    "runtime" : "30s",
    "randrepeat" : "1",
    "random_generator" : "lfsr",
    "randseed" : "1",
    "refill_buffers" : "1",
    "norandommap" : "1",
    "group_reporting" : "1",
    "lat_percentiles" : "1",
    "ioengine" : "psync",
    "direct" : "0",
    "iodepth" : "1",
    "group_reporting" : "1",
    "end_fsync" : "1",
    "directory" : "/mnt/test/"
  },
  "jobs" : [
    {
      "jobname" : "randwrite",
      "groupid" : 0,
      "error" : 0,
      "eta" : 0,
      "elapsed" : 32,
      "job options" : {
        "rw" : "randwrite"
      },
      "read" : {
        "io_bytes" : 0,
        "io_kbytes" : 0,
        "bw_bytes" : 0,
        "bw" : 0,
        "iops" : 0.000000,
        "runtime" : 0,
        "total_ios" : 0,
        "short_ios" : 0,
        "drop_ios" : 0,
        "slat_ns" : {
          "min" : 0,
          "max" : 0,
          "mean" : 0.000000,
          "stddev" : 0.000000
        },
        "clat_ns" : {
          "min" : 0,
          "max" : 0,
          "mean" : 0.000000,
          "stddev" : 0.000000
        },
        "lat_ns" : {
          "min" : 0,
          "max" : 0,
          "mean" : 0.000000,
          "stddev" : 0.000000,
          "percentile" : {
            "1.000000" : 0,
            "5.000000" : 0,
            "10.000000" : 0,
            "20.000000" : 0,
            "30.000000" : 0,
            "40.000000" : 0,
            "50.000000" : 0,
            "60.000000" : 0,
            "70.000000" : 0,
            "80.000000" : 0,
            "90.000000" : 0,
            "95.000000" : 0,
            "99.000000" : 0,
            "99.500000" : 0,
            "99.900000" : 0,
            "99.950000" : 0,
            "99.990000" : 0
          },
          "bins" : {

          }
        },
        "bw_min" : 0,
        "bw_max" : 0,
        "bw_agg" : 0.000000,
        "bw_mean" : 0.000000,
        "bw_dev" : 0.000000,
        "bw_samples" : 0,
        "iops_min" : 0,
        "iops_max" : 0,
        "iops_mean" : 0.000000,
        "iops_stddev" : 0.000000,
        "iops_samples" : 0
      },
      "write" : {
        "io_bytes" : 178355699712,
        "io_kbytes" : 174175488,
        "bw_bytes" : 5700086280,
        "bw" : 5566490,
        "iops" : 43488.207095,
        "runtime" : 31290,
        "total_ios" : 1360746,
        "short_ios" : 0,
        "drop_ios" : 0,
        "slat_ns" : {
          "min" : 0,
          "max" : 0,
          "mean" : 0.000000,
          "stddev" : 0.000000
        },
        "clat_ns" : {
          "min" : 40469,
          "max" : 72296769,
          "mean" : 60255.126207,
          "stddev" : 274640.897492
        },
        "lat_ns" : {
          "min" : 40479,
          "max" : 72296794,
          "mean" : 60296.782466,
          "stddev" : 274641.416957,
          "percentile" : {
            "1.000000" : 45824,
            "5.000000" : 48384,
            "10.000000" : 50432,
            "20.000000" : 52992,
            "30.000000" : 55040,
            "40.000000" : 57088,
            "50.000000" : 58624,
            "60.000000" : 59648,
            "70.000000" : 61184,
            "80.000000" : 63232,
            "90.000000" : 66048,
            "95.000000" : 69120,
            "99.000000" : 78336,
            "99.500000" : 85504,
            "99.900000" : 120320,
            "99.950000" : 242688,
            "99.990000" : 610304
          },
          "bins" : {
            "40704" : 2,
            "41216" : 14,
            "41728" : 37,
            "42240" : 127,
            "42752" : 232,
            "43264" : 487,
            "43776" : 908,
            "44288" : 1484,
            "44800" : 2311,
            "45312" : 3516,
            "45824" : 4989,
            "46336" : 6980,
            "46848" : 9012,
            "47360" : 11370,
            "47872" : 13855,
            "48384" : 16571,
            "48896" : 18942,
            "49408" : 21172,
            "49920" : 23234,
            "50432" : 24500,
            "50944" : 25396,
            "51456" : 26070,
            "51968" : 26959,
            "52480" : 26798,
            "52992" : 27354,
            "53504" : 28323,
            "54016" : 29556,
            "54528" : 31450,
            "55040" : 33897,
            "55552" : 36418,
            "56064" : 39434,
            "56576" : 42903,
            "57088" : 45644,
            "57600" : 48142,
            "58112" : 50047,
            "58624" : 50918,
            "59136" : 51083,
            "59648" : 50190,
            "60160" : 48272,
            "60672" : 45484,
            "61184" : 42943,
            "61696" : 39825,
            "62208" : 36627,
            "62720" : 33443,
            "63232" : 30084,
            "63744" : 27080,
            "64256" : 24402,
            "64768" : 21467,
            "65280" : 19413,
            "66048" : 32548,
            "67072" : 26209,
            "68096" : 20771,
            "69120" : 16544,
            "70144" : 13039,
            "71168" : 10190,
            "72192" : 7827,
            "73216" : 6053,
            "74240" : 4542,
            "75264" : 3556,
            "76288" : 2725,
            "77312" : 2292,
            "78336" : 1817,
            "79360" : 1527,
            "80384" : 1297,
            "81408" : 1069,
            "82432" : 915,
            "83456" : 769,
            "84480" : 680,
            "85504" : 569,
            "86528" : 532,
            "87552" : 438,
            "88576" : 416,
            "89600" : 363,
            "90624" : 276,
            "91648" : 241,
            "92672" : 236,
            "93696" : 186,
            "94720" : 175,
            "95744" : 179,
            "96768" : 174,
            "97792" : 170,
            "98816" : 143,
            "99840" : 131,
            "100864" : 157,
            "101888" : 140,
            "102912" : 113,
            "103936" : 97,
            "104960" : 121,
            "105984" : 108,
            "107008" : 105,
            "108032" : 88,
            "109056" : 69,
            "110080" : 60,
            "111104" : 50,
            "112128" : 58,
            "113152" : 44,
            "114176" : 48,
            "115200" : 33,
            "116224" : 39,
            "117248" : 33,
            "118272" : 24,
            "119296" : 26,
            "120320" : 26,
            "121344" : 19,
            "122368" : 15,
            "123392" : 18,
            "124416" : 20,
            "125440" : 17,
            "126464" : 28,
            "127488" : 14,
            "128512" : 14,
            "129536" : 7,
            "130560" : 10,
            "132096" : 24,
            "134144" : 18,
            "136192" : 25,
            "138240" : 21,
            "140288" : 16,
            "142336" : 19,
            "144384" : 15,
            "146432" : 11,
            "148480" : 6,
            "150528" : 19,
            "152576" : 10,
            "154624" : 10,
            "156672" : 19,
            "158720" : 11,
            "160768" : 15,
            "162816" : 8,
            "164864" : 19,
            "166912" : 8,
            "168960" : 8,
            "171008" : 6,
            "173056" : 5,
            "175104" : 8,
            "177152" : 7,
            "179200" : 8,
            "181248" : 11,
            "183296" : 12,
            "185344" : 8,
            "187392" : 9,
            "189440" : 6,
            "191488" : 6,
            "193536" : 2,
            "195584" : 5,
            "197632" : 7,
            "199680" : 7,
            "201728" : 8,
            "203776" : 6,
            "205824" : 4,
            "207872" : 3,
            "209920" : 6,
            "211968" : 7,
            "214016" : 5,
            "216064" : 4,
            "218112" : 5,
            "220160" : 4,
            "222208" : 5,
            "224256" : 9,