{
  "fio version" : "fio-3.16",
  "timestamp" : 1759890565,
  "timestamp_ms" : 1759890565550,
  "time" : "Wed Oct  8 11:29:25 2025",
  "global options" : {
    "bs" : "4k",
    "numjobs" : "16",
    "size" : "1G",
    "ioengine" : "psync",
    "direct" : "0",
    "iodepth" : "1",
    "group_reporting" : "1",
    "end_fsync" : "1",
    "directory" : "/mnt/test/"
  },
  "jobs" : [
    {
      "jobname" : "randread",
      "groupid" : 0,
      "error" : 0,
      "eta" : 0,
      "elapsed" : 21,
      "job options" : {
        "rw" : "randread"
      },
      "read" : {
        "io_bytes" : 17179869184,
        "io_kbytes" : 16777216,
        "bw_bytes" : 831914637,
        "bw" : 812416,
        "iops" : 203104.159605,
        "runtime" : 20651,
        "total_ios" : 4194304,
        "short_ios" : 0,
        "drop_ios" : 0,
        "slat_ns" : {
          "min" : 0,
          "max" : 0,
          "mean" : 0.000000,
          "stddev" : 0.000000
        },
        "clat_ns" : {
          "min" : 201,
          "max" : 3275404,
          "mean" : 76266.121835,
          "stddev" : 78856.806107,
          "percentile" : {
            "1.000000" : 596,
            "5.000000" : 692,
            "10.000000" : 772,
            "20.000000" : 940,
            "30.000000" : 1208,
            "40.000000" : 16768,
            "50.000000" : 79360,
            "60.000000" : 96768,
            "70.000000" : 112128,
            "80.000000" : 130560,
            "90.000000" : 168960,
            "95.000000" : 211968,
            "99.000000" : 329728,
            "99.500000" : 382976,
            "99.900000" : 518144,
            "99.950000" : 577536,
            "99.990000" : 724992
          }
        },
        "lat_ns" : {
          "min" : 216,
          "max" : 3276635,
          "mean" : 76289.667994,
          "stddev" : 78857.803963
        },
        "bw_min" : 540568,
        "bw_max" : 1674763,
        "bw_agg" : 100.000000,
        "bw_mean" : 824201.533636,
        "bw_dev" : 15546.679795,
        "bw_samples" : 633,
        "iops_min" : 135142,
        "iops_max" : 418690,
        "iops_mean" : 206050.132674,
        "iops_stddev" : 3886.666538,
        "iops_samples" : 633
      },
      "write" : {
        "io_bytes" : 0,
        "io_kbytes" : 0,
        "bw_bytes" : 0,
        "bw" : 0,
        "iops" : 0.000000,
        "runtime" : 0,
        "total_ios" : 0,
        "short_ios" : 0,
        "drop_ios" : 0,
        "slat_ns" : {
          "min" : 0,
          "max" : 0,
          "mean" : 0.000000,
          "stddev" : 0.000000
        },
        "clat_ns" : {
          "min" : 0,
          "max" : 0,
          "mean" : 0.000000,
          "stddev" : 0.000000,
          "percentile" : {
            "1.000000" : 0,
            "5.000000" : 0,
            "10.000000" : 0,
            "20.000000" : 0,
            "30.000000" : 0,
            "40.000000" : 0,
            "50.000000" : 0,
            "60.000000" : 0,
            "70.000000" : 0,
            "80.000000" : 0,
            "90.000000" : 0,
            "95.000000" : 0,
            "99.000000" : 0,
            "99.500000" : 0,
            "99.900000" : 0,
            "99.950000" : 0,
            "99.990000" : 0
          }
        },
        "lat_ns" : {
          "min" : 0,
          "max" : 0,
          "mean" : 0.000000,
          "stddev" : 0.000000
        },
        "bw_min" : 0,
        "bw_max" : 0,
        "bw_agg" : 0.000000,
        "bw_mean" : 0.000000,
        "bw_dev" : 0.000000,
        "bw_samples" : 0,
        "iops_min" : 0,
        "iops_max" : 0,
        "iops_mean" : 0.000000,
        "iops_stddev" : 0.000000,
        "iops_samples" : 0
      },
      "trim" : {
        "io_bytes" : 0,
        "io_kbytes" : 0,
        "bw_bytes" : 0,
        "bw" : 0,
        "iops" : 0.000000,
        "runtime" : 0,
        "total_ios" : 0,
        "short_ios" : 0,
        "drop_ios" : 0,
        "slat_ns" : {
          "min" : 0,
          "max" : 0,
          "mean" : 0.000000,
          "stddev" : 0.000000
        },
        "clat_ns" : {
          "min" : 0,
          "max" : 0,
          "mean" : 0.000000,
          "stddev" : 0.000000,
          "percentile" : {
            "1.000000" : 0,
            "5.000000" : 0,
            "10.000000" : 0,
            "20.000000" : 0,
            "30.000000" : 0,
            "40.000000" : 0,
            "50.000000" : 0,
            "60.000000" : 0,
            "70.000000" : 0,
            "80.000000" : 0,
            "90.000000" : 0,
            "95.000000" : 0,
            "99.000000" : 0,
            "99.500000" : 0,
            "99.900000" : 0,
            "99.950000" : 0,
            "99.990000" : 0
          }
        },
        "lat_ns" : {
          "min" : 0,
          "max" : 0,
          "mean" : 0.000000,
          "stddev" : 0.000000
        },
        "bw_min" : 0,
        "bw_max" : 0,
        "bw_agg" : 0.000000,
        "bw_mean" : 0.000000,
        "bw_dev" : 0.000000,
        "bw_samples" : 0,
        "iops_min" : 0,
        "iops_max" : 0,
        "iops_mean" : 0.000000,
        "iops_stddev" : 0.000000,
        "iops_samples" : 0
      },
      "sync" : {
        "lat_ns" : {
          "min" : 0,
          "max" : 0,
          "mean" : 0.000000,
          "stddev" : 0.000000,
          "percentile" : {
            "1.000000" : 0,
            "5.000000" : 0,
            "10.000000" : 0,
            "20.000000" : 0,
            "30.000000" : 0,
            "40.000000" : 0,
            "50.000000" : 0,
            "60.000000" : 0,
            "70.000000" : 0,
            "80.000000" : 0,
            "90.000000" : 0,
            "95.000000" : 0,
            "99.000000" : 0,
            "99.500000" : 0,
            "99.900000" : 0,
            "99.950000" : 0,
            "99.990000" : 0
          }
        },
        "total_ios" : 0
      },
      "job_runtime" : 320674,
      "usr_cpu" : 0.642085,
      "sys_cpu" : 5.267343,
      "ctx" : 4909913,
      "majf" : 0,
      "minf" : 163,
      "iodepth_level" : {
        "1" : 100.000000,
        "2" : 0.000000,
        "4" : 0.000000,
        "8" : 0.000000,
        "16" : 0.000000,
        "32" : 0.000000,
        ">=64" : 0.000000
      },
      "iodepth_submit" : {
        "0" : 0.000000,
        "4" : 100.000000,
        "8" : 0.000000,
        "16" : 0.000000,
        "32" : 0.000000,
        "64" : 0.000000,
        ">=64" : 0.000000
      },
      "iodepth_complete" : {
        "0" : 0.000000,
        "4" : 100.000000,
        "8" : 0.000000,
        "16" : 0.000000,
        "32" : 0.000000,
        "64" : 0.000000,
        ">=64" : 0.000000
      },
      "latency_ns" : {
        "2" : 0.000000,
        "4" : 0.000000,
        "10" : 0.000000,
        "20" : 0.000000,
        "50" : 0.000000,
        "100" : 0.000000,
        "250" : 0.010000,
        "500" : 0.036001,
        "750" : 8.365083,
        "1000" : 14.551926
      },
      "latency_us" : {
        "2" : 12.501979,
        "4" : 1.301670,
        "10" : 2.284479,
        "20" : 1.203966,
        "50" : 2.209234,
        "100" : 19.769478,
        "250" : 34.942842,
        "500" : 2.710819,
        "750" : 0.114775,
        "1000" : 0.010000
      },
      "latency_ms" : {
        "2" : 0.010000,
        "4" : 0.010000,
        "10" : 0.000000,
        "20" : 0.000000,
        "50" : 0.000000,
        "100" : 0.000000,
        "250" : 0.000000,
        "500" : 0.000000,
        "750" : 0.000000,
        "1000" : 0.000000,
        "2000" : 0.000000,
        ">=2000" : 0.000000
      },
      "latency_depth" : 1,
      "latency_target" : 0,
      "latency_percentile" : 100.000000,
      "latency_window" : 0
    }
  ]
}
