{
  "fio version" : "fio-3.16",
  "timestamp" : 1759802357,
  "timestamp_ms" : 1759802357446,
  "time" : "Tue Oct  7 10:59:17 2025",
  "global options" : {
    "bs" : "4k",
    "numjobs" : "8",
    "size" : "1G",
    "ioengine" : "psync",
    "direct" : "0",
    "iodepth" : "1",
    "group_reporting" : "1",
    "end_fsync" : "1",
    "directory" : "/mnt/test/"
  },
  "jobs" : [
    {
      "jobname" : "seqread",
      "groupid" : 0,
      "error" : 0,
      "eta" : 0,
      "elapsed" : 3,
      "job options" : {
        "rw" : "read"
      },
      "read" : {
        "io_bytes" : 8589934592,
        "io_kbytes" : 8388608,
        "bw_bytes" : 3187359774,
        "bw" : 3112656,
        "iops" : 778164.007421,
        "runtime" : 2695,
        "total_ios" : 2097152,
        "short_ios" : 0,
        "drop_ios" : 0,
        "slat_ns" : {
          "min" : 0,
          "max" : 0,
          "mean" : 0.000000,
          "stddev" : 0.000000
        },
        "clat_ns" : {
          "min" : 188,
          "max" : 2676810,
          "mean" : 9920.790606,
          "stddev" : 76612.049875,
          "percentile" : {
            "1.000000" : 294,
            "5.000000" : 306,
            "10.000000" : 314,
            "20.000000" : 346,
            "30.000000" : 398,
            "40.000000" : 418,
            "50.000000" : 446,
            "60.000000" : 506,
            "70.000000" : 612,
            "80.000000" : 772,
            "90.000000" : 1480,
            "95.000000" : 2192,
            "99.000000" : 577536,
            "99.500000" : 684032,
            "99.900000" : 823296,
            "99.950000" : 872448,
            "99.990000" : 970752
          }
        },
        "lat_ns" : {
          "min" : 200,
          "max" : 2678133,
          "mean" : 9947.389698,
          "stddev" : 76612.084305
        },
        "bw_min" : 2877008,
        "bw_max" : 3564584,
        "bw_agg" : 100.000000,
        "bw_mean" : 3149390.400000,
        "bw_dev" : 33001.494568,
        "bw_samples" : 40,
        "iops_min" : 719252,
        "iops_max" : 891146,
        "iops_mean" : 787347.600000,
        "iops_stddev" : 8250.373642,
        "iops_samples" : 40
      },
      "write" : {
        "io_bytes" : 0,
        "io_kbytes" : 0,
        "bw_bytes" : 0,
        "bw" : 0,
        "iops" : 0.000000,
        "runtime" : 0,
        "total_ios" : 0,
        "short_ios" : 0,
        "drop_ios" : 0,
        "slat_ns" : {
          "min" : 0,
          "max" : 0,
          "mean" : 0.000000,
          "stddev" : 0.000000
        },
        "clat_ns" : {
          "min" : 0,
          "max" : 0,
          "mean" : 0.000000,
          "stddev" : 0.000000,
          "percentile" : {
            "1.000000" : 0,
            "5.000000" : 0,
            "10.000000" : 0,
            "20.000000" : 0,
            "30.000000" : 0,
            "40.000000" : 0,
            "50.000000" : 0,
            "60.000000" : 0,
            "70.000000" : 0,
            "80.000000" : 0,
            "90.000000" : 0,
            "95.000000" : 0,
            "99.000000" : 0,
            "99.500000" : 0,
            "99.900000" : 0,
            "99.950000" : 0,
            "99.990000" : 0
          }
        },
        "lat_ns" : {
          "min" : 0,
          "max" : 0,
          "mean" : 0.000000,
          "stddev" : 0.000000
        },
        "bw_min" : 0,
        "bw_max" : 0,
        "bw_agg" : 0.000000,
        "bw_mean" : 0.000000,
        "bw_dev" : 0.000000,
        "bw_samples" : 0,
        "iops_min" : 0,
        "iops_max" : 0,
        "iops_mean" : 0.000000,
        "iops_stddev" : 0.000000,
        "iops_samples" : 0
      },
      "trim" : {
        "io_bytes" : 0,
        "io_kbytes" : 0,
        "bw_bytes" : 0,
        "bw" : 0,
        "iops" : 0.000000,
        "runtime" : 0,
        "total_ios" : 0,
        "short_ios" : 0,
        "drop_ios" : 0,
        "slat_ns" : {
          "min" : 0,
          "max" : 0,
          "mean" : 0.000000,
          "stddev" : 0.000000
        },
        "clat_ns" : {
          "min" : 0,
          "max" : 0,
          "mean" : 0.000000,
          "stddev" : 0.000000,
          "percentile" : {
            "1.000000" : 0,
            "5.000000" : 0,
            "10.000000" : 0,
            "20.000000" : 0,
            "30.000000" : 0,
            "40.000000" : 0,
            "50.000000" : 0,
            "60.000000" : 0,
            "70.000000" : 0,
            "80.000000" : 0,
            "90.000000" : 0,
            "95.000000" : 0,
            "99.000000" : 0,
            "99.500000" : 0,
            "99.900000" : 0,
            "99.950000" : 0,
            "99.990000" : 0
          }
        },
        "lat_ns" : {
          "min" : 0,
          "max" : 0,
          "mean" : 0.000000,
          "stddev" : 0.000000
        },
        "bw_min" : 0,
        "bw_max" : 0,
        "bw_agg" : 0.000000,
        "bw_mean" : 0.000000,
        "bw_dev" : 0.000000,
        "bw_samples" : 0,
        "iops_min" : 0,
        "iops_max" : 0,
        "iops_mean" : 0.000000,
        "iops_stddev" : 0.000000,
        "iops_samples" : 0
      },
      "sync" : {
        "lat_ns" : {
          "min" : 0,
          "max" : 0,
          "mean" : 0.000000,
          "stddev" : 0.000000,
          "percentile" : {
            "1.000000" : 0,
            "5.000000" : 0,
            "10.000000" : 0,
            "20.000000" : 0,
            "30.000000" : 0,
            "40.000000" : 0,
            "50.000000" : 0,
            "60.000000" : 0,
            "70.000000" : 0,
            "80.000000" : 0,
            "90.000000" : 0,
            "95.000000" : 0,
            "99.000000" : 0,
            "99.500000" : 0,
            "99.900000" : 0,
            "99.950000" : 0,
            "99.990000" : 0
          }
        },
        "total_ios" : 0
      },
      "job_runtime" : 21229,
      "usr_cpu" : 3.212587,
      "sys_cpu" : 13.213058,
      "ctx" : 32614,
      "majf" : 0,
      "minf" : 86,
      "iodepth_level" : {
        "1" : 100.000000,
        "2" : 0.000000,
        "4" : 0.000000,
        "8" : 0.000000,
        "16" : 0.000000,
        "32" : 0.000000,
        ">=64" : 0.000000
      },
      "iodepth_submit" : {
        "0" : 0.000000,
        "4" : 100.000000,
        "8" : 0.000000,
        "16" : 0.000000,
        "32" : 0.000000,
        "64" : 0.000000,
        ">=64" : 0.000000
      },
      "iodepth_complete" : {
        "0" : 0.000000,
        "4" : 100.000000,
        "8" : 0.000000,
        "16" : 0.000000,
        "32" : 0.000000,
        "64" : 0.000000,
        ">=64" : 0.000000
      },
      "latency_ns" : {
        "2" : 0.000000,
        "4" : 0.000000,
        "10" : 0.000000,
        "20" : 0.000000,
        "50" : 0.000000,
        "100" : 0.000000,
        "250" : 0.016212,
        "500" : 59.149265,
        "750" : 19.697428,
        "1000" : 6.787109
      },
      "latency_us" : {
        "2" : 8.117914,
        "4" : 4.184580,
        "10" : 0.027180,
        "20" : 0.010000,
        "50" : 0.373602,
        "100" : 0.101709,
        "250" : 0.150633,
        "500" : 0.196981,
        "750" : 0.930834,
        "1000" : 0.252771
      },
      "latency_ms" : {
        "2" : 0.010000,
        "4" : 0.010000,
        "10" : 0.000000,
        "20" : 0.000000,
        "50" : 0.000000,
        "100" : 0.000000,
        "250" : 0.000000,
        "500" : 0.000000,
        "750" : 0.000000,
        "1000" : 0.000000,
        "2000" : 0.000000,
        ">=2000" : 0.000000
      },
      "latency_depth" : 1,
      "latency_target" : 0,
      "latency_percentile" : 100.000000,
      "latency_window" : 0
    }
  ]
}
