{
  "fio version" : "fio-3.16",
  "timestamp" : 1759925218,
  "timestamp_ms" : 1759925218921,
  "time" : "Wed Oct  8 21:06:58 2025",
  "global options" : {
    "bs" : "128k",
    "numjobs" : "8",
    "time_based" : "1",
    "runtime" : "30s",
    "randrepeat" : "1",
    "random_generator" : "lfsr",
    "randseed" : "1",
    "refill_buffers" : "1",
    "norandommap" : "1",
    "group_reporting" : "1",
    "lat_percentiles" : "1",
    "ioengine" : "psync",
    "direct" : "0",
    "iodepth" : "1",
    "group_reporting" : "1",
    "end_fsync" : "1",
    "directory" : "/mnt/test/"
  },
  "jobs" : [
    {
      "jobname" : "write",
      "groupid" : 0,
      "error" : 0,
      "eta" : 0,
      "elapsed" : 33,
      "job options" : {
        "rw" : "write"
      },
      "read" : {
        "io_bytes" : 0,
        "io_kbytes" : 0,
        "bw_bytes" : 0,
        "bw" : 0,
        "iops" : 0.000000,
        "runtime" : 0,
        "total_ios" : 0,
        "short_ios" : 0,
        "drop_ios" : 0,
        "slat_ns" : {
          "min" : 0,
          "max" : 0,
          "mean" : 0.000000,
          "stddev" : 0.000000
        },
        "clat_ns" : {
          "min" : 0,
          "max" : 0,
          "mean" : 0.000000,
          "stddev" : 0.000000
        },
        "lat_ns" : {
          "min" : 0,
          "max" : 0,
          "mean" : 0.000000,
          "stddev" : 0.000000,
          "percentile" : {
            "1.000000" : 0,
            "5.000000" : 0,
            "10.000000" : 0,
            "20.000000" : 0,
            "30.000000" : 0,
            "40.000000" : 0,
            "50.000000" : 0,
            "60.000000" : 0,
            "70.000000" : 0,
            "80.000000" : 0,
            "90.000000" : 0,
            "95.000000" : 0,
            "99.000000" : 0,
            "99.500000" : 0,
            "99.900000" : 0,
            "99.950000" : 0,
            "99.990000" : 0
          },
          "bins" : {

          }
        },
        "bw_min" : 0,
        "bw_max" : 0,
        "bw_agg" : 0.000000,
        "bw_mean" : 0.000000,
        "bw_dev" : 0.000000,
        "bw_samples" : 0,
        "iops_min" : 0,
        "iops_max" : 0,
        "iops_mean" : 0.000000,
        "iops_stddev" : 0.000000,
        "iops_samples" : 0
      },
      "write" : {
        "io_bytes" : 96687095808,
        "io_kbytes" : 94420992,
        "bw_bytes" : 3021188507,
        "bw" : 2950379,
        "iops" : 23049.839078,
        "runtime" : 32003,
        "total_ios" : 737664,
        "short_ios" : 0,
        "drop_ios" : 0,
        "slat_ns" : {
          "min" : 0,
          "max" : 0,
          "mean" : 0.000000,
          "stddev" : 0.000000
        },
        "clat_ns" : {
          "min" : 36362,
          "max" : 90310622,
          "mean" : 289099.856176,
          "stddev" : 2790496.587156
        },
        "lat_ns" : {
          "min" : 36372,
          "max" : 90310659,
          "mean" : 289163.602529,
          "stddev" : 2790496.697163,
          "percentile" : {
            "1.000000" : 41216,
            "5.000000" : 45312,
            "10.000000" : 48384,
            "20.000000" : 52992,
            "30.000000" : 56576,
            "40.000000" : 61696,
            "50.000000" : 68096,
            "60.000000" : 76288,
            "70.000000" : 86528,
            "80.000000" : 101888,
            "90.000000" : 142336,
            "95.000000" : 199680,
            "99.000000" : 309248,
            "99.500000" : 27131904,
            "99.900000" : 43253760,
            "99.950000" : 45875200,
            "99.990000" : 50593792
          },
          "bins" : {
            "36608" : 3,
            "37120" : 5,
            "37632" : 22,
            "38144" : 93,
            "38656" : 279,
            "39168" : 555,
            "39680" : 988,
            "40192" : 1401,
            "40704" : 1910,
            "41216" : 2364,
            "41728" : 2728,
            "42240" : 3176,
            "42752" : 3544,
            "43264" : 3889,
            "43776" : 4360,
            "44288" : 4683,
            "44800" : 4941,
            "45312" : 5166,
            "45824" : 5507,
            "46336" : 5553,
            "46848" : 5909,
            "47360" : 6268,
            "47872" : 6504,
            "48384" : 6747,
            "48896" : 7080,
            "49408" : 7377,
            "49920" : 7992,
            "50432" : 8031,
            "50944" : 8810,
            "51456" : 9194,
            "51968" : 9649,
            "52480" : 9762,
            "52992" : 10063,
            "53504" : 10221,
            "54016" : 10046,
            "54528" : 9863,
            "55040" : 9921,
            "55552" : 9692,
            "56064" : 9542,
            "56576" : 9245,
            "57088" : 8746,
            "57600" : 8803,
            "58112" : 8467,
            "58624" : 8180,
            "59136" : 7945,
            "59648" : 7635,
            "60160" : 7368,
            "60672" : 7167,
            "61184" : 6905,
            "61696" : 6762,
            "62208" : 6481,
            "62720" : 6481,
            "63232" : 6374,
            "63744" : 5952,
            "64256" : 5861,
            "64768" : 5856,
            "65280" : 5607,
            "66048" : 11100,
            "67072" : 10518,
            "68096" : 10028,
            "69120" : 9638,
            "70144" : 9183,
            "71168" : 9080,
            "72192" : 8989,
            "73216" : 8657,
            "74240" : 8529,
            "75264" : 8277,
            "76288" : 8169,
            "77312" : 7904,
            "78336" : 7764,
            "79360" : 7430,
            "80384" : 7420,
            "81408" : 7274,
            "82432" : 7169,
            "83456" : 7126,
            "84480" : 7006,
            "85504" : 6662,
            "86528" : 6575,
            "87552" : 6478,
            "88576" : 6177,
            "89600" : 5982,
            "90624" : 5723,
            "91648" : 5495,
            "92672" : 5367,
            "93696" : 5079,
            "94720" : 4891,
            "95744" : 4731,
            "96768" : 4615,
            "97792" : 4396,
            "98816" : 4112,
            "99840" : 4050,
            "100864" : 3841,
            "101888" : 3666,
            "102912" : 3484,
            "103936" : 3389,
            "104960" : 3139,
            "105984" : 2981,
            "107008" : 2913,
            "108032" : 2759,
            "109056" : 2632,
            "110080" : 2417,
            "111104" : 2311,
            "112128" : 2244,
            "113152" : 2205,
            "114176" : 2110,
            "115200" : 2032,
            "116224" : 1924,
            "117248" : 1830,
            "118272" : 1834,
            "119296" : 1749,
            "120320" : 1660,
            "121344" : 1611,
            "122368" : 1567,
            "123392" : 1571,
            "124416" : 1540,
            "125440" : 1451,
            "126464" : 1472,
            "127488" : 1453,
            "128512" : 1450,
            "129536" : 1397,
            "130560" : 1312,
            "132096" : 2609,
            "134144" : 2396,
            "136192" : 2442,
            "138240" : 2197,
            "140288" : 2057,
            "142336" : 2014,
            "144384" : 1861,
            "146432" : 1855,
            "148480" : 1839,
            "150528" : 1779,
            "152576" : 1814,
            "154624" : 1634,
            "156672" : 1602,
            "158720" : 1533,
            "160768" : 1468,
            "162816" : 1473,
            "164864" : 1419,
            "166912" : 1432,
            "168960" : 1264,
            "171008" : 1276,
            "173056" : 1231,
            "175104" : 1161,
            "177152" : 1206,
            "179200" : 1096,
            "181248" : 1018,
            "183296" : 1016,
            "185344" : 927,
            "187392" : 918,
            "189440" : 890,
            "191488" : 879,
            "193536" : 912,
            "195584" : 887,
            "197632" : 864,