{
  "fio version" : "fio-3.16",
  "timestamp" : 1759925148,
  "timestamp_ms" : 1759925148030,
  "time" : "Wed Oct  8 21:05:48 2025",
  "global options" : {
    "bs" : "128k",
    "numjobs" : "2",
    "time_based" : "1",
    "runtime" : "30s",
    "randrepeat" : "1",
    "random_generator" : "lfsr",
    "randseed" : "1",
    "refill_buffers" : "1",
    "norandommap" : "1",
    "group_reporting" : "1",
    "lat_percentiles" : "1",
    "ioengine" : "psync",
    "direct" : "0",
    "iodepth" : "1",
    "group_reporting" : "1",
    "end_fsync" : "1",
    "directory" : "/mnt/test/"
  },
  "jobs" : [
    {
      "jobname" : "write",
      "groupid" : 0,
      "error" : 0,
      "eta" : 0,
      "elapsed" : 31,
      "job options" : {
        "rw" : "write"
      },
      "read" : {
        "io_bytes" : 0,
        "io_kbytes" : 0,
        "bw_bytes" : 0,
        "bw" : 0,
        "iops" : 0.000000,
        "runtime" : 0,
        "total_ios" : 0,
        "short_ios" : 0,
        "drop_ios" : 0,
        "slat_ns" : {
          "min" : 0,
          "max" : 0,
          "mean" : 0.000000,
          "stddev" : 0.000000
        },
        "clat_ns" : {
          "min" : 0,
          "max" : 0,
          "mean" : 0.000000,
          "stddev" : 0.000000
        },
        "lat_ns" : {
          "min" : 0,
          "max" : 0,
          "mean" : 0.000000,
          "stddev" : 0.000000,
          "percentile" : {
            "1.000000" : 0,
            "5.000000" : 0,
            "10.000000" : 0,
            "20.000000" : 0,
            "30.000000" : 0,
            "40.000000" : 0,
            "50.000000" : 0,
            "60.000000" : 0,
            "70.000000" : 0,
            "80.000000" : 0,
            "90.000000" : 0,
            "95.000000" : 0,
            "99.000000" : 0,
            "99.500000" : 0,
            "99.900000" : 0,
            "99.950000" : 0,
            "99.990000" : 0
          },
          "bins" : {

          }
        },
        "bw_min" : 0,
        "bw_max" : 0,
        "bw_agg" : 0.000000,
        "bw_mean" : 0.000000,
        "bw_dev" : 0.000000,
        "bw_samples" : 0,
        "iops_min" : 0,
        "iops_max" : 0,
        "iops_mean" : 0.000000,
        "iops_stddev" : 0.000000,
        "iops_samples" : 0
      },
      "write" : {
        "io_bytes" : 118260760576,
        "io_kbytes" : 115489024,
        "bw_bytes" : 3834157715,
        "bw" : 3744294,
        "iops" : 29252.301906,
        "runtime" : 30844,
        "total_ios" : 902258,
        "short_ios" : 0,
        "drop_ios" : 0,
        "slat_ns" : {
          "min" : 0,
          "max" : 0,
          "mean" : 0.000000,
          "stddev" : 0.000000
        },
        "clat_ns" : {
          "min" : 34554,
          "max" : 4331658,
          "mean" : 45487.299767,
          "stddev" : 14310.568460
        },
        "lat_ns" : {
          "min" : 34602,
          "max" : 4331696,
          "mean" : 45514.901373,
          "stddev" : 14317.802541,
          "percentile" : {
            "1.000000" : 39168,
            "5.000000" : 40192,
            "10.000000" : 40704,
            "20.000000" : 41216,
            "30.000000" : 41728,
            "40.000000" : 42240,
            "50.000000" : 43264,
            "60.000000" : 43776,
            "70.000000" : 45312,
            "80.000000" : 48896,
            "90.000000" : 51456,
            "95.000000" : 52992,
            "99.000000" : 72192,
            "99.500000" : 102912,
            "99.900000" : 250880,
            "99.950000" : 264192,
            "99.990000" : 370688
          },
          "bins" : {
            "34560" : 1,
            "35584" : 7,
            "36096" : 22,
            "36608" : 37,
            "37120" : 151,
            "37632" : 396,
            "38144" : 1341,
            "38656" : 4505,
            "39168" : 11565,
            "39680" : 24605,
            "40192" : 42349,
            "40704" : 61196,
            "41216" : 74279,
            "41728" : 79364,
            "42240" : 77569,
            "42752" : 68739,
            "43264" : 57536,
            "43776" : 46333,
            "44288" : 35449,
            "44800" : 26840,
            "45312" : 19957,
            "45824" : 14931,
            "46336" : 11442,
            "46848" : 9981,
            "47360" : 10342,
            "47872" : 12350,
            "48384" : 15197,
            "48896" : 18418,
            "49408" : 20788,
            "49920" : 21570,
            "50432" : 21039,
            "50944" : 19478,
            "51456" : 17431,
            "51968" : 13700,
            "52480" : 10929,
            "52992" : 8497,
            "53504" : 6138,
            "54016" : 4635,
            "54528" : 3387,
            "55040" : 2465,
            "55552" : 1932,
            "56064" : 1644,
            "56576" : 1394,
            "57088" : 1237,
            "57600" : 1146,
            "58112" : 984,
            "58624" : 924,
            "59136" : 656,
            "59648" : 605,
            "60160" : 511,
            "60672" : 420,
            "61184" : 400,
            "61696" : 331,
            "62208" : 277,
            "62720" : 240,
            "63232" : 250,
            "63744" : 218,
            "64256" : 211,
            "64768" : 228,
            "65280" : 219,
            "66048" : 552,
            "67072" : 712,
            "68096" : 744,
            "69120" : 809,
            "70144" : 741,
            "71168" : 577,
            "72192" : 514,
            "73216" : 369,
            "74240" : 275,
            "75264" : 234,
            "76288" : 202,
            "77312" : 186,
            "78336" : 106,
            "79360" : 138,
            "80384" : 106,
            "81408" : 102,
            "82432" : 112,
            "83456" : 137,
            "84480" : 157,
            "85504" : 216,
            "86528" : 183,
            "87552" : 180,
            "88576" : 151,
            "89600" : 123,
            "90624" : 106,
            "91648" : 118,
            "92672" : 108,
            "93696" : 103,
            "94720" : 108,
            "95744" : 129,
            "96768" : 111,
            "97792" : 106,
            "98816" : 101,
            "99840" : 87,
            "100864" : 78,
            "101888" : 109,
            "102912" : 111,
            "103936" : 79,
            "104960" : 107,
            "105984" : 93,
            "107008" : 89,
            "108032" : 89,
            "109056" : 84,
            "110080" : 63,
            "111104" : 71,
            "112128" : 61,
            "113152" : 39,
            "114176" : 41,
            "115200" : 46,
            "116224" : 25,
            "117248" : 27,
            "118272" : 25,
            "119296" : 26,
            "120320" : 22,
            "121344" : 24,
            "122368" : 30,
            "123392" : 27,
            "124416" : 24,
            "125440" : 26,
            "126464" : 36,
            "127488" : 48,
            "128512" : 49,
            "129536" : 59,
            "130560" : 44,
            "132096" : 102,
            "134144" : 106,
            "136192" : 91,
            "138240" : 72,
            "140288" : 55,
            "142336" : 40,
            "144384" : 39,
            "146432" : 33,
            "148480" : 29,
            "150528" : 32,
            "152576" : 30,
            "154624" : 29,
            "156672" : 20,
            "158720" : 44,
            "160768" : 60,
            "162816" : 64,
            "164864" : 86,
            "166912" : 89,
            "168960" : 72,
            "171008" : 53,
            "173056" : 53,
            "175104" : 58,
            "177152" : 50,
            "179200" : 64,
            "181248" : 35,
            "183296" : 31,
            "185344" : 29,
            "187392" : 24,
            "189440" : 28,
            "191488" : 26,
            "193536" : 38,
            "195584" : 26,
            "197632" : 33,
            "199680" : 20,
            "201728" : 8,
            "203776" : 7,