{
  "fio version" : "fio-3.16",
  "timestamp" : 1759925183,
  "timestamp_ms" : 1759925183120,
  "time" : "Wed Oct  8 21:06:23 2025",
  "global options" : {
    "bs" : "128k",
    "numjobs" : "4",
    "time_based" : "1",
    "runtime" : "30s",
    "randrepeat" : "1",
    "random_generator" : "lfsr",
    "randseed" : "1",
    "refill_buffers" : "1",
    "norandommap" : "1",
    "group_reporting" : "1",
    "lat_percentiles" : "1",
    "ioengine" : "psync",
    "direct" : "0",
    "iodepth" : "1",
    "group_reporting" : "1",
    "end_fsync" : "1",
    "directory" : "/mnt/test/"
  },
  "jobs" : [
    {
      "jobname" : "write",
      "groupid" : 0,
      "error" : 0,
      "eta" : 0,
      "elapsed" : 32,
      "job options" : {
        "rw" : "write"
      },
      "read" : {
        "io_bytes" : 0,
        "io_kbytes" : 0,
        "bw_bytes" : 0,
        "bw" : 0,
        "iops" : 0.000000,
        "runtime" : 0,
        "total_ios" : 0,
        "short_ios" : 0,
        "drop_ios" : 0,
        "slat_ns" : {
          "min" : 0,
          "max" : 0,
          "mean" : 0.000000,
          "stddev" : 0.000000
        },
        "clat_ns" : {
          "min" : 0,
          "max" : 0,
          "mean" : 0.000000,
          "stddev" : 0.000000
        },
        "lat_ns" : {
          "min" : 0,
          "max" : 0,
          "mean" : 0.000000,
          "stddev" : 0.000000,
          "percentile" : {
            "1.000000" : 0,
            "5.000000" : 0,
            "10.000000" : 0,
            "20.000000" : 0,
            "30.000000" : 0,
            "40.000000" : 0,
            "50.000000" : 0,
            "60.000000" : 0,
            "70.000000" : 0,
            "80.000000" : 0,
            "90.000000" : 0,
            "95.000000" : 0,
            "99.000000" : 0,
            "99.500000" : 0,
            "99.900000" : 0,
            "99.950000" : 0,
            "99.990000" : 0
          },
          "bins" : {

          }
        },
        "bw_min" : 0,
        "bw_max" : 0,
        "bw_agg" : 0.000000,
        "bw_mean" : 0.000000,
        "bw_dev" : 0.000000,
        "bw_samples" : 0,
        "iops_min" : 0,
        "iops_max" : 0,
        "iops_mean" : 0.000000,
        "iops_stddev" : 0.000000,
        "iops_samples" : 0
      },
      "write" : {
        "io_bytes" : 182253387776,
        "io_kbytes" : 177981824,
        "bw_bytes" : 5793914921,
        "bw" : 5658120,
        "iops" : 44204.062818,
        "runtime" : 31456,
        "total_ios" : 1390483,
        "short_ios" : 0,
        "drop_ios" : 0,
        "slat_ns" : {
          "min" : 0,
          "max" : 0,
          "mean" : 0.000000,
          "stddev" : 0.000000
        },
        "clat_ns" : {
          "min" : 39656,
          "max" : 69470859,
          "mean" : 58952.118220,
          "stddev" : 239129.016102
        },
        "lat_ns" : {
          "min" : 39666,
          "max" : 69470901,
          "mean" : 58994.099518,
          "stddev" : 239129.419077,
          "percentile" : {
            "1.000000" : 45312,
            "5.000000" : 47360,
            "10.000000" : 48896,
            "20.000000" : 51456,
            "30.000000" : 54016,
            "40.000000" : 56064,
            "50.000000" : 57600,
            "60.000000" : 59136,
            "70.000000" : 60672,
            "80.000000" : 62208,
            "90.000000" : 65280,
            "95.000000" : 68096,
            "99.000000" : 77312,
            "99.500000" : 83456,
            "99.900000" : 136192,
            "99.950000" : 257024,
            "99.990000" : 477184
          },
          "bins" : {
            "39680" : 3,
            "40192" : 1,
            "40704" : 9,
            "41216" : 40,
            "41728" : 114,
            "42240" : 264,
            "42752" : 555,
            "43264" : 1132,
            "43776" : 2021,
            "44288" : 3317,
            "44800" : 4965,
            "45312" : 7147,
            "45824" : 9519,
            "46336" : 12205,
            "46848" : 15365,
            "47360" : 18465,
            "47872" : 21185,
            "48384" : 23873,
            "48896" : 25897,
            "49408" : 27827,
            "49920" : 28841,
            "50432" : 29591,
            "50944" : 29808,
            "51456" : 29633,
            "51968" : 29217,
            "52480" : 29446,
            "52992" : 29277,
            "53504" : 29746,
            "54016" : 31089,
            "54528" : 32831,
            "55040" : 34941,
            "55552" : 37834,
            "56064" : 40629,
            "56576" : 43280,
            "57088" : 45874,
            "57600" : 47934,
            "58112" : 49601,
            "58624" : 49668,
            "59136" : 49143,
            "59648" : 48024,
            "60160" : 45827,
            "60672" : 43079,
            "61184" : 40036,
            "61696" : 36119,
            "62208" : 33200,
            "62720" : 30228,
            "63232" : 26784,
            "63744" : 23853,
            "64256" : 21080,
            "64768" : 18716,
            "65280" : 16667,
            "66048" : 27865,
            "67072" : 22394,
            "68096" : 17441,
            "69120" : 13840,
            "70144" : 11016,
            "71168" : 8244,
            "72192" : 6327,
            "73216" : 4767,
            "74240" : 3745,
            "75264" : 2789,
            "76288" : 2140,
            "77312" : 1750,
            "78336" : 1349,
            "79360" : 1139,
            "80384" : 1026,
            "81408" : 810,
            "82432" : 696,
            "83456" : 545,
            "84480" : 475,
            "85504" : 423,
            "86528" : 352,
            "87552" : 289,
            "88576" : 240,
            "89600" : 258,
            "90624" : 212,
            "91648" : 209,
            "92672" : 181,
            "93696" : 174,
            "94720" : 169,
            "95744" : 141,
            "96768" : 152,
            "97792" : 153,
            "98816" : 144,
            "99840" : 110,
            "100864" : 132,
            "101888" : 88,
            "102912" : 113,
            "103936" : 102,
            "104960" : 113,
            "105984" : 96,
            "107008" : 88,
            "108032" : 74,
            "109056" : 84,
            "110080" : 55,
            "111104" : 56,
            "112128" : 46,
            "113152" : 65,
            "114176" : 47,
            "115200" : 34,
            "116224" : 24,
            "117248" : 28,
            "118272" : 34,
            "119296" : 26,
            "120320" : 17,
            "121344" : 28,
            "122368" : 30,
            "123392" : 26,
            "124416" : 30,
            "125440" : 26,
            "126464" : 20,
            "127488" : 15,
            "128512" : 22,
            "129536" : 22,
            "130560" : 14,
            "132096" : 32,
            "134144" : 32,
            "136192" : 21,
            "138240" : 34,
            "140288" : 32,
            "142336" : 31,
            "144384" : 17,
            "146432" : 9,
            "148480" : 16,
            "150528" : 23,
            "152576" : 21,
            "154624" : 14,
            "156672" : 17,
            "158720" : 15,
            "160768" : 13,
            "162816" : 15,
            "164864" : 8,
            "166912" : 12,
            "168960" : 13,
            "171008" : 9,
            "173056" : 6,
            "175104" : 9,
            "177152" : 7,
            "179200" : 8,
            "181248" : 11,
            "183296" : 9,
            "185344" : 5,
            "187392" : 7,
            "189440" : 5,
            "191488" : 8,
            "193536" : 9,
            "195584" : 8,
            "197632" : 16,
            "199680" : 12,
            "201728" : 13,
            "203776" : 8,
            "205824" : 8,
            "207872" : 9,
            "209920" : 6,
            "211968" : 1,
            "214016" : 7,
            "216064" : 6,
            "218112" : 11,
            "220160" : 9,